epoch,d_loss0,d_loss1,g_loss
20,0.398476,0.440044,4.02549
30,1.34902,0.546566,11.359
40,0.311447,0.274572,2.99764
50,0.415607,0.251547,2.76254
60,0.540019,0.251487,2.95028
70,0.459683,0.187971,2.70022
80,0.300506,0.241037,3.20105
90,0.317957,0.227173,2.57985
100,0.309081,0.22928,2.36185
110,0.280958,0.394354,2.72184
120,0.302573,0.259848,2.8031
130,0.347014,0.26455,2.48158
140,0.544659,0.253392,2.44569
150,0.300187,0.273919,2.50295
160,0.517259,0.260404,2.49089
170,0.555368,0.286499,4.51869
180,0.399832,0.264712,2.19028
190,0.254985,0.54183,2.15707
200,0.459433,0.421863,4.85513
210,0.266855,0.24808,2.07844
220,0.305845,0.202584,2.5133
230,0.343844,0.39437,2.514
240,0.44121,0.245271,3.42019
250,0.254847,0.216832,2.96225
260,0.383938,0.326145,3.04394
270,0.599503,0.573367,3.32274
280,0.253227,0.226093,2.07942
290,0.328892,0.450026,2.62472
300,0.308014,0.309991,2.76366
310,0.386921,0.210861,2.35543
320,0.232609,0.231077,3.94817
330,0.196144,0.193789,2.74819
340,0.271773,0.195626,4.07988
350,0.488694,0.285314,4.1088
360,0.342372,0.357252,2.73941
370,0.219424,0.295159,2.57576
380,0.237312,0.247381,2.26697
390,0.376412,0.271417,3.10559
400,0.316399,0.228156,2.89761
410,0.443477,0.207505,2.84677
420,0.342852,0.358169,3.7142
430,0.231227,0.214194,2.12728
440,0.891323,0.197401,7.94172
450,0.285835,0.351441,3.06798
460,0.83723,0.353971,3.3432
470,0.421205,0.248024,3.64136
480,0.217206,0.456473,2.68115
490,0.899097,0.234086,7.93472
500,0.310606,0.258235,2.32684
510,0.492958,0.348625,2.71098
520,0.329335,0.21218,2.63197
530,0.256917,0.214633,1.97412
540,0.277489,0.239292,2.31732
550,0.240347,0.210067,2.74343
560,0.202851,0.405912,2.66642
570,0.297734,0.226539,2.56141
580,0.413166,0.285273,3.11054
590,0.299138,0.289289,2.87491
600,0.265714,0.309344,2.70989
610,0.330619,0.275249,3.28677
620,0.300039,0.24432,2.19271
630,0.369537,0.245809,2.59607
640,0.570552,0.217785,3.79687
650,0.315334,0.243493,2.7298
660,0.255356,0.238863,2.57372
670,0.221679,0.215387,2.21866
680,0.398093,0.234499,3.32063
690,0.341595,0.204735,3.07795
700,0.208888,0.221413,3.03553
710,0.240418,0.783167,3.39437
720,0.573992,0.209794,5.72554
730,2.17261,0.300035,10.1475
740,0.318452,0.210402,3.72811
750,0.461835,0.217586,4.39868
760,0.406282,0.272531,4.38359
770,0.40056,0.192424,3.97494
780,0.220768,0.432885,3.29042
790,0.437692,0.265831,3.85766
800,0.512941,0.219503,4.06752
810,0.66054,0.212327,5.68483
820,0.790566,0.248028,5.96008
830,0.356886,0.23702,3.38607
840,0.218506,0.474011,3.03073
850,0.566336,0.353987,4.85306
860,0.220231,0.316196,3.20531
870,0.482002,0.218134,4.43843
880,0.578974,0.251292,6.14884
890,0.477676,0.303116,5.0386
900,0.301669,0.322561,3.77149
910,0.338564,0.674531,2.84466
920,0.31844,0.288319,3.49963
930,0.841706,0.252768,5.68702
940,0.344151,0.242623,3.05597
950,0.187615,0.284745,3.80369
960,0.506517,0.203998,5.11807
970,0.27212,0.213061,3.3291
980,0.360435,1.03838,2.59918
990,0.353623,0.214654,3.55265
1000,0.406318,0.582472,2.51699
1010,0.407498,0.652267,3.2635
1020,0.254227,0.193895,3.47776
1030,0.371106,0.20053,4.31202
1040,0.796003,0.44431,5.97203
1050,0.642387,0.21482,4.79606
1060,0.382413,0.213033,4.22322
1070,0.276568,0.23186,3.95997
1080,0.225009,0.23314,3.52905
1090,0.227385,0.278893,3.27251
1100,0.30498,0.255787,3.61123
1110,0.797396,0.393513,4.32589
1120,0.294442,0.245377,3.16673
1130,0.391076,0.203736,3.68255
1140,0.545744,0.254273,3.81177
1150,0.379384,0.206761,3.44287
1160,0.380943,0.293801,3.17374
1170,0.221249,0.334673,2.99179
1180,0.286917,0.241337,2.94355
1190,0.284175,0.203136,2.99674
1200,0.459392,0.233476,3.94481
1210,0.416645,0.201638,3.61831
1220,0.370098,0.363571,3.1374
1230,0.266253,0.341225,2.88963
1240,0.203703,0.228509,3.49178
1250,0.353722,0.362567,2.8321
1260,0.194103,0.204727,4.00136
1270,0.326416,0.233259,2.99491
1280,0.197861,0.227558,3.05148
1290,0.29033,0.203274,3.62093
1300,0.615322,0.677584,3.30878
1310,0.468105,0.81683,2.97534
1320,0.274404,0.300062,3.46135
1330,0.273606,0.216684,3.19724
1340,0.24727,0.196956,2.93858
1350,0.501766,0.251175,2.9683
1360,0.35158,0.235288,3.04032
1370,0.5933,0.676581,3.60244
1380,0.333226,0.241917,3.0857
1390,0.77615,0.321012,4.47838
1400,0.308023,0.374339,2.67754
1410,0.519289,0.476542,3.35944
1420,0.666798,0.375623,3.92889
1430,0.303573,0.214832,2.51053
1440,0.642137,0.3198,3.7546
1450,0.303185,0.21923,2.5752
1460,0.507655,1.78882,2.26823
1470,0.498175,0.264524,3.091
1480,0.298931,0.220727,3.36729
1490,0.487778,0.283843,3.0909
1500,0.277608,0.190442,2.80744
1510,0.253604,0.233903,2.71261
1520,0.247326,0.214009,2.58874
1530,0.319297,0.224571,3.37391
1540,0.264341,0.263235,2.98969
1550,0.262972,0.315412,2.81455
1560,0.364032,0.264374,2.50686
1570,0.260646,0.221442,2.74769
1580,0.29755,0.236193,2.55403
1590,0.484014,0.264655,3.61594
1600,0.740734,0.423003,4.39101
1610,0.36891,0.24238,2.65558
1620,0.839314,0.427482,5.06075
1630,0.247792,0.220353,2.55268
1640,0.310825,0.325417,2.72011
1650,0.278812,0.227409,2.758
1660,0.259742,0.201234,2.46969
1670,0.505539,0.322838,3.26184
1680,0.548972,0.313976,3.17358
1690,0.273807,0.238968,2.63029
1700,0.377987,0.238172,3.72833
1710,0.326587,0.30213,2.99865
1720,0.272721,0.249349,2.83492
1730,0.263375,0.243926,2.74921
1740,0.623354,3.45957,2.62734
1750,0.374585,0.288194,2.73674
1760,0.708445,0.306071,4.20125
1770,0.26294,0.210816,2.592
1780,0.302701,0.243283,2.79127
1790,0.225156,0.29339,2.91336
1800,0.282267,0.226311,2.56706
1810,0.247335,0.209478,2.45277
1820,0.270389,0.18049,3.75392
1830,0.321585,0.195024,3.00631
1840,0.237323,0.20872,2.88762
1850,0.244841,0.290796,3.12037
1860,0.229523,0.214442,2.89661
1870,0.253097,0.201458,2.70423
1880,0.892377,0.407359,4.5887
1890,1.12224,0.288887,2.9478
1900,0.25167,0.334123,2.58063
1910,0.275918,0.209869,2.51574
1920,0.32615,0.251693,4.26328
1930,0.277941,0.233396,2.89114
1940,0.365656,0.189201,2.82879
1950,0.371484,0.250365,3.17776
1960,1.04322,0.200044,6.39927
1970,0.268818,0.210138,2.7667
1980,0.280272,0.239206,2.53007
1990,0.217154,0.237639,3.16553
2000,1.33648,2.06007,3.69361
2010,1.98519,0.248447,6.45098
2020,0.511899,0.403496,2.27534
2030,0.263215,0.211066,2.9352
2040,0.367131,0.298394,2.39862
2050,0.380955,0.192225,2.80995
2060,0.344042,0.237306,2.40424
2070,0.355869,0.285123,2.19053
2080,0.275141,0.205127,2.85792
2090,0.209369,3.71818,2.21438
2100,0.736735,0.237021,2.99657
2110,0.317618,0.217461,2.68669
2120,0.258975,0.246098,2.39231
2130,0.268162,0.204559,2.64522
2140,0.261097,0.2546,2.46633
2150,0.255684,0.281779,2.50059
2160,0.365292,0.265925,3.31183
2170,0.419278,0.222444,2.90068
2180,0.234395,0.225967,2.47248
2190,0.3762,0.391147,1.77483
2200,0.234626,0.205558,2.33413
2210,0.294133,0.221864,2.51303
2220,0.249138,0.216044,2.66359
2230,0.33196,0.167515,2.41128
2240,0.237387,0.2642,2.5868
2250,0.387144,0.197238,2.35855
2260,0.293211,0.224974,2.64233
2270,0.319013,0.306913,2.16316
2280,0.48107,0.251071,3.24733
2290,0.317727,0.318439,2.69295
2300,0.273892,0.177562,2.8308
2310,0.255594,0.215965,2.63755
2320,0.334252,0.324484,3.19347
2330,1.42555,0.849065,1.85522
2340,1.28407,0.852826,3.2989
2350,0.313198,0.230839,2.59311
2360,0.440977,0.189734,3.05915
2370,0.227627,0.273966,2.42506
2380,0.405307,0.530518,2.91367
2390,0.444699,0.210104,3.84391
2400,0.272787,0.221987,2.38269
2410,0.293445,1.11243,1.79916
2420,0.242718,0.219718,2.72472
2430,0.302724,0.261293,2.38778
2440,0.34766,0.203329,2.93195
2450,0.226541,0.251324,2.67166
2460,0.213088,0.225737,2.8285
2470,0.637118,0.232348,3.47898
2480,0.217103,0.234788,3.02889
2490,0.502618,0.296126,3.99061
2500,0.311958,0.227775,2.85716
2510,0.216232,0.214212,2.60665
2520,0.633901,0.75215,2.8228
2530,0.23077,0.240751,2.85447
2540,0.252177,0.254701,2.37429
2550,0.662966,0.299373,2.88434
2560,0.20001,0.259453,2.7531
2570,0.304635,0.204105,2.94317
2580,0.397553,0.253496,3.22897
2590,0.259226,1.1151,2.06979
2600,0.349342,0.22141,2.5305
2610,0.593551,0.280405,3.95888
2620,0.252862,0.249408,2.9719
2630,0.411749,0.535555,2.43704
2640,0.308309,0.21131,2.26049
2650,0.301607,0.208189,2.39937
2660,0.684567,0.266004,4.0859
2670,0.457981,0.254259,3.12266
2680,0.603836,0.740144,3.74244
2690,0.268663,0.229877,2.70304
2700,0.295783,0.239725,2.63048
2710,0.326553,0.229243,2.79511
2720,0.319464,0.249908,2.30181
2730,0.313096,0.278743,2.70155
2740,0.544346,0.345143,3.57156
2750,0.30037,0.243002,3.08163
2760,0.233239,0.199503,2.45264
2770,0.251693,0.227584,2.63439
2780,0.271789,0.225771,3.04092
2790,0.265462,0.288335,2.82863
2800,0.292927,0.268015,3.12978
2810,0.930874,0.390872,5.78153
2820,0.271384,0.284401,2.57879
2830,0.619653,0.222638,4.2224
2840,0.363792,0.30167,2.53544
2850,0.407081,0.294363,3.65429
2860,0.417142,0.240317,2.68846
2870,0.263112,0.203157,3.07301
2880,0.288433,0.270768,2.37586
2890,0.366148,0.5959,2.57869
2900,0.391043,0.218932,2.89406
2910,0.385965,0.220722,3.36795
2920,0.328675,0.187249,2.5571
2930,0.944215,0.674479,2.51208
2940,0.458872,0.363133,2.28548
2950,0.431017,0.225036,2.46433
2960,0.563664,0.231102,2.88736
2970,0.271535,0.303915,2.47733
2980,0.24868,0.324758,2.5265
2990,0.296015,0.214024,3.40433
3000,0.319369,0.232236,3.07024
3010,0.375205,0.397327,2.61718
3020,0.411555,0.193242,3.06424
3030,0.252222,0.367074,2.8232
3040,0.341899,0.225769,3.12992
3050,0.26034,0.208131,2.76362
3060,0.251416,1.64235,1.9028
3070,0.391212,0.23102,3.41248
3080,0.398272,0.228157,3.03241
3090,0.326856,0.238444,2.76969
3100,0.399886,0.832277,2.05591
3110,0.599243,0.264524,3.18677
3120,0.290641,0.223685,3.13081
3130,0.243867,0.373056,2.94224
3140,0.439861,0.187698,3.15705
3150,0.303571,0.277652,2.66001
3160,0.416426,0.239081,3.0367
3170,0.489724,0.313462,3.47464
3180,0.289889,0.223693,2.96929
3190,0.378232,0.21516,3.44813
3200,0.466759,0.341605,3.31767
3210,0.243696,0.191124,3.19536
3220,0.323336,0.221774,2.94181
3230,0.258231,0.287996,2.51387
3240,0.275512,0.20118,2.32826
3250,0.350472,0.238388,2.69914
3260,0.374363,0.196801,3.13725
3270,0.449117,0.217396,2.80542
3280,0.818492,1.01509,2.84887
3290,0.325662,0.27881,2.76345
3300,0.264912,0.292269,2.87103
3310,0.291193,0.209253,2.81398
3320,0.219725,0.293611,2.73092
3330,0.304403,0.216961,3.66812
3340,0.685196,0.212123,4.2062
3350,0.285414,0.254514,3.67525
3360,0.920047,0.280135,4.13547
3370,0.224153,0.294036,3.13357
3380,0.407572,0.247358,3.21815
3390,0.260926,0.234343,2.57749
3400,0.370978,0.546664,3.67062
3410,0.755557,0.175472,5.18582
3420,0.578522,0.189446,4.82348
3430,0.615249,0.964392,3.81716
3440,0.589948,0.3285,4.22673
3450,0.519807,0.214014,3.27309
3460,0.448952,0.242921,2.82618
3470,0.377147,0.230395,2.59697
3480,0.232615,0.213429,1.78714
3490,0.484377,0.233033,3.43305
3500,0.532878,0.237247,3.17615
3510,0.548177,0.854776,2.39845
3520,0.315703,0.295695,2.50635
3530,0.237289,0.2867,4.24746
3540,0.372339,0.249405,2.99049
3550,0.28041,0.234093,2.90292
3560,0.556828,0.741065,3.29844
3570,0.496573,0.380096,3.33808
3580,0.223036,0.302882,3.11642
3590,0.444324,0.22092,4.0328
3600,0.504881,0.23028,2.98984
3610,0.305339,0.198773,2.80005
3620,0.35089,0.260579,3.32388
3630,0.433297,0.244532,2.77385
3640,0.301596,0.221452,2.64688
3650,0.31117,0.270219,2.75573
3660,0.298082,0.251518,2.68231
3670,0.316282,0.239632,2.89249
3680,0.526417,0.198456,3.3892
3690,0.494315,0.50436,3.28019
3700,0.445933,0.315943,3.57866
3710,0.937517,0.668128,4.14909
3720,0.515092,0.449825,4.13866
3730,0.260213,0.227969,2.84465
3740,0.455532,0.191064,3.98492
3750,0.399265,0.223886,3.08884
3760,0.413401,0.433106,3.91752
3770,0.366736,0.23006,3.80488
3780,0.440708,0.256172,2.94324
3790,0.35109,0.251791,3.27422
3800,0.626581,0.273471,3.93276
3810,0.29784,0.243434,3.49876
3820,0.310682,0.241717,3.64121
3830,0.259666,0.274232,2.69444
3840,0.42233,0.215681,3.22057
3850,0.541223,0.202474,3.07159
3860,0.516235,0.898257,3.6132
3870,0.268336,0.241361,2.81927
3880,0.807057,0.309986,3.57589
3890,0.368996,0.234511,2.66554
3900,0.656626,0.240786,4.30154
3910,0.260517,0.21772,1.87649
3920,0.382454,0.222122,3.56949
3930,0.46041,0.397795,3.10718
3940,0.235062,0.315182,2.65264
3950,0.407935,0.272696,3.01262
3960,1.21565,1.67121,3.78305
3970,0.352789,0.196191,2.642
3980,0.32606,0.231538,3.10348
3990,0.233792,0.218988,3.77953
4000,0.295266,0.246043,2.94217
4010,0.303573,0.232975,2.78054
4020,0.361662,0.262937,3.28717
4030,0.30235,0.542304,2.70312
4040,0.409249,0.18817,3.56743
4050,0.403318,0.213904,3.65625
4060,0.668826,0.254266,6.0553
4070,0.263435,0.254703,3.2909
4080,0.357446,0.396519,3.02005
4090,0.296371,0.254165,2.46294
4100,0.313008,0.222645,3.28122
4110,0.236094,0.278428,3.14462
4120,0.395011,0.210589,3.48183
4130,0.336776,0.286142,2.5225
4140,0.367023,1.08567,2.43058
4150,0.264192,0.21133,3.04517
4160,1.18626,0.366828,7.06725
4170,0.394275,0.189684,3.71638
4180,0.478618,0.237988,3.66814
4190,0.429548,0.213624,3.6327
4200,0.339013,0.2122,3.46631
4210,0.240614,0.284274,3.04647
4220,0.362817,0.254385,3.51548
4230,0.546624,0.214037,3.88016
4240,0.417084,2.53372,2.798
4250,0.298716,0.740927,2.17708
4260,0.359013,0.247164,2.9472
4270,0.285802,0.300276,3.45288
4280,0.702413,0.315643,3.21321
4290,0.523991,0.239022,3.06481
4300,0.370279,0.262386,3.26182
4310,0.380333,0.259084,3.778
4320,0.242019,0.240169,3.56402
4330,0.550161,0.21945,3.96404
4340,0.671662,0.271096,5.16151
4350,0.542412,0.200117,3.82767
4360,0.273725,0.386259,2.66149
4370,0.332883,0.218246,2.66677
4380,0.371651,0.367486,3.19479
4390,0.610717,0.282886,3.5304
4400,0.411186,0.325354,2.51834
4410,0.32708,0.242895,3.10907
4420,0.6256,0.272007,3.24975
4430,0.252257,0.262776,2.93784
4440,0.242944,0.265826,2.81596
4450,0.434793,0.237162,3.04648
4460,0.313225,0.23588,3.4115
4470,0.382054,0.222345,3.26671
4480,0.3045,0.259353,3.18108
4490,0.228521,0.286853,3.12897
4500,0.57118,0.230413,3.26784
4510,0.317391,0.30632,2.95212
4520,0.227335,0.217295,3.46859
4530,0.963325,0.90686,4.41646
4540,0.302867,0.239267,2.85513
4550,0.229568,0.239815,3.00927
4560,0.348793,0.22709,3.15036
4570,0.418384,0.220359,3.2947
4580,0.599834,0.228579,3.65937
4590,0.334213,0.249667,3.36839
4600,0.68237,0.195847,4.7167
4610,0.298309,0.230803,3.13462
4620,0.369292,0.221321,3.69428
4630,0.229684,0.36263,3.55737
4640,0.442783,0.244416,3.58432
4650,1.08213,1.00265,3.75778
4660,0.216137,0.295933,3.21076
4670,0.503226,0.236342,3.89423
4680,0.35404,0.257017,3.41822
4690,0.353767,0.237797,3.22973
4700,0.473309,0.318162,3.84264
4710,0.289024,0.852068,2.83864
4720,0.392001,0.274823,3.73325
4730,0.913082,0.296411,4.6631
4740,0.276918,0.214604,2.68839
4750,0.376745,0.309956,3.16416
4760,1.14268,0.443757,5.18518
4770,0.306862,0.279259,2.62248
4780,0.477821,0.652811,3.70408
4790,0.207484,0.279157,4.03076
4800,0.423351,0.460261,4.0709
4810,0.365324,2.74441,2.03396
4820,1.37577,0.231796,5.86582
4830,0.924724,0.251912,4.36335
4840,0.320059,0.198954,3.56405
4850,0.248807,0.200657,3.18384
4860,0.350264,0.626276,1.37544
4870,1.4293,0.730621,6.18323
4880,0.250602,0.466421,2.97752
4890,0.943467,0.202379,4.38095
4900,0.289641,0.290175,3.47687
4910,0.813117,0.240323,5.03985
4920,0.693878,0.254113,3.48934
4930,0.269118,0.250417,2.63226
4940,0.291652,0.190306,3.40265
4950,0.362383,0.216825,3.22826
4960,0.397141,0.281548,4.24057
4970,0.374015,0.297502,2.69545
4980,0.464897,0.219444,3.5534
4990,0.366641,0.27989,3.66947
5000,0.258574,0.251136,3.16885
5010,0.392647,0.610816,4.39815
5020,0.243005,0.30686,3.24905
5030,0.265347,0.242974,3.8326
5040,0.223471,0.214406,3.19496
5050,0.331412,0.806314,3.10291
5060,0.512157,0.241561,4.06781
5070,0.560922,0.266141,3.71816
5080,0.536184,0.248757,3.61726
5090,0.371084,0.281789,3.96646
5100,0.499354,0.23658,3.4857
5110,0.83349,0.361485,4.78642
5120,0.437135,0.387071,3.92793
5130,0.497096,0.252237,3.73408
5140,0.516767,0.236669,4.16014
5150,0.744802,0.23241,5.2349
5160,0.311691,0.282011,3.39259
5170,0.60172,0.245439,3.81856
5180,0.468639,0.285366,4.22049
5190,0.860916,0.259541,3.93282
5200,0.412341,0.230689,3.59276
5210,0.540987,0.287633,6.24455
5220,0.741551,0.469391,4.91499
5230,0.439135,0.217188,3.42207
5240,0.337324,0.248008,3.38533
5250,0.385908,0.354038,3.85195
5260,0.358747,0.243144,2.91167
5270,0.666293,0.204249,4.37612
5280,0.605994,0.276478,6.2159
5290,0.560217,0.298889,3.89173
5300,0.850352,0.271528,5.42051
5310,0.230127,0.248901,3.84539
5320,0.275859,0.30568,3.22631
5330,0.252249,1.18416,3.13851
5340,2.13806,0.871919,5.28709
5350,0.508114,0.301931,3.25592
5360,0.384088,0.218461,2.88147
5370,0.516688,0.215225,4.29209
5380,0.244827,0.204245,3.28937
5390,0.56883,0.244949,3.66906
5400,0.591951,0.268451,5.37814
5410,0.320012,0.233952,3.43618
5420,0.792927,1.68338,4.54413
5430,0.256415,0.240286,3.65263
5440,0.37302,0.236447,3.53446
5450,0.402731,0.503943,3.1345
5460,0.288918,0.412255,3.33761
5470,0.399925,0.244288,4.04085
5480,0.33534,0.336908,2.97185
5490,0.988074,0.243723,5.86011
5500,0.322258,0.211379,3.35977
5510,0.304677,0.205093,3.13529
5520,0.219373,0.250702,3.01979
5530,0.325075,0.333879,4.01362
5540,0.51956,0.20294,4.66996
5550,0.515651,0.254266,4.39036
5560,0.346962,0.292699,3.40741
5570,0.254637,0.282277,3.04276
5580,0.490585,0.338774,3.58111
5590,0.432717,0.267735,5.09375
5600,0.454837,0.303385,3.82592
5610,0.364045,0.250112,4.24429
5620,0.431286,1.12872,2.68858
5630,0.681058,0.387251,2.93507
5640,0.57829,0.231056,6.36642
5650,0.272949,0.255486,4.51713
5660,0.468034,0.20171,5.1682
5670,0.620568,0.38589,4.07234
5680,0.526036,0.270396,3.81878
5690,0.283165,0.332787,2.87606
5700,0.308655,0.278997,2.94388
5710,1.09643,0.351398,5.21372
5720,0.520116,0.289712,4.92025
5730,0.209367,0.253989,3.49202
5740,1.01,0.299802,5.10277
5750,0.381547,0.368215,3.26346
5760,2.03668,0.328493,7.47466
5770,0.468709,0.219881,4.47936
5780,0.878029,0.312538,4.81083
5790,0.81439,0.238002,6.07186
5800,0.813007,0.269964,4.17689
5810,0.323136,0.262758,3.53475
5820,0.20369,0.256503,3.53373
5830,0.695155,0.28288,4.07059
5840,0.305821,0.187451,3.04817
5850,0.398835,0.289047,3.26694
5860,0.329046,0.334406,3.5409
5870,0.736477,0.249474,4.84247
5880,0.338382,0.244542,4.02493
5890,0.313847,0.305318,2.0342
5900,0.292564,0.205944,3.37506
5910,0.233782,0.266757,3.5639
5920,0.349383,0.232205,4.42275
5930,0.278493,0.201597,3.32833
5940,0.3421,0.483196,3.50307
5950,0.828088,0.235409,4.82587
5960,0.528075,0.234039,5.13171
5970,0.30882,0.257885,3.10956
5980,0.629142,0.300426,5.07469
5990,0.825161,0.351143,7.05452
6000,0.438296,0.21456,3.62363
6010,0.731602,0.328403,5.23639
6020,0.638989,0.680552,3.30937
6030,1.58195,0.24551,6.85151
6040,1.13465,0.371786,5.05917
6050,0.396137,0.215929,2.86522
6060,0.517501,0.252035,3.26108
6070,0.866432,0.26205,5.18909
6080,0.269921,0.281209,3.74693
6090,0.466049,0.228563,4.19577
6100,0.561798,0.277232,4.53392
6110,0.295901,1.17907,2.41722
6120,0.451791,0.349634,3.67857
6130,0.306176,0.400681,3.12203
6140,0.254999,0.240255,3.67078
6150,0.232802,0.310791,3.29032
6160,0.330705,0.226682,3.39427
6170,0.372437,0.192896,2.85965
6180,0.264868,0.468758,3.28488
6190,0.238175,0.528027,2.24047
6200,0.350063,0.258197,3.37359
6210,0.424171,0.237283,3.92797
6220,0.788632,0.219311,5.05323
6230,0.479571,0.263784,3.9915
6240,0.228349,0.281576,2.9777
6250,1.49002,0.32905,7.52113
6260,0.270786,0.226947,2.78253
6270,0.500938,0.222037,4.61214
6280,0.403608,0.458646,3.33402
6290,0.231034,0.613133,2.7427
6300,0.310739,0.914312,3.00975
6310,0.900488,0.619871,5.32662
6320,0.43088,1.90172,2.49109
6330,0.548091,0.186795,4.31539
6340,0.525333,0.224801,4.94628
6350,0.285451,0.30308,4.1658
6360,0.236969,0.637793,2.61627
6370,0.59647,0.224212,4.56567
6380,0.271996,0.290161,3.3853
6390,0.473274,0.2779,4.58561
6400,0.245589,0.228681,3.00984
6410,0.44044,0.484992,3.98599
6420,1.11176,0.220563,5.81441
6430,0.597474,0.227769,3.99392
6440,0.338961,0.221069,3.7181
6450,0.720207,0.235965,5.10018
6460,0.368352,0.796491,3.14311
6470,0.60763,0.32074,4.45981
6480,0.435077,0.404327,3.62919
6490,0.504824,0.253265,5.31838
6500,0.2041,0.212993,4.81283
6510,0.220213,0.985555,2.06526
6520,0.287075,0.451506,5.05716
6530,0.225627,0.357899,3.85048
6540,0.272099,0.249016,3.98655
6550,0.377726,0.249902,3.15122
6560,0.895125,0.301031,5.14149
6570,0.52356,0.293852,4.09556
6580,0.234692,0.336462,3.79176
6590,0.247422,0.272718,3.51693
6600,1.27046,0.32047,5.46895
6610,0.273363,0.250429,1.79349
6620,0.407735,0.228039,3.96156
6630,0.500278,0.232739,3.66587
6640,0.209811,0.610657,2.6577
6650,0.236588,0.277157,3.92724
6660,0.408053,0.256142,3.77774
6670,0.751166,0.304528,4.15958
6680,0.453299,0.375139,3.11746
6690,0.561062,0.212617,4.05557
6700,0.610835,0.237422,3.69278
6710,0.212315,0.273723,3.74974
6720,0.871179,0.327875,4.62284
6730,0.499242,0.239669,2.87282
6740,0.608933,0.203274,3.5591
6750,0.602413,0.233644,4.50581
6760,0.687899,0.656274,3.61617
6770,0.57591,0.33369,4.72163
6780,0.996331,0.177277,5.74732
6790,0.252148,0.295833,5.03321
6800,0.466467,0.235783,4.18352
6810,0.554986,0.240352,4.57056
6820,1.09984,1.93007,5.03604
6830,0.991394,0.295447,6.8398
6840,0.846725,0.269949,6.70509
6850,0.969557,0.273319,3.87527
6860,1.03112,0.234499,5.63984
6870,0.335639,0.19314,3.77838
6880,0.729399,0.213644,4.48917
6890,0.953493,0.231389,5.06346
6900,0.875642,0.217493,5.12348
6910,0.731223,0.263184,6.39981
6920,3.85127,1.35191,6.20901
6930,2.23215,1.15915,8.47406
6940,0.809644,3.53365,5.7199
6950,0.332951,0.888626,3.10859
6960,0.845844,0.228509,5.61531
6970,0.237994,0.600695,3.89434
6980,0.466507,0.258734,4.40543
6990,0.731344,0.883267,5.03676
7000,0.782529,0.241892,4.30877
7010,0.87206,0.239352,5.35048
7020,1.08448,0.239957,5.90084
7030,0.218633,0.39916,3.60755
7040,1.54185,0.228657,8.03569
7050,0.452775,0.224287,3.72505
7060,0.453733,0.213736,3.96425
7070,0.756807,0.575082,5.32591
7080,0.490066,0.271243,3.971
7090,0.375605,0.216683,4.46721
7100,0.780851,0.244727,4.9312
7110,0.601402,0.377979,5.06816
7120,0.257271,0.244152,4.47622
7130,0.407382,0.380554,3.70825
7140,0.658926,0.875396,4.34756
7150,0.541074,0.511392,4.096
7160,1.31474,0.300894,5.85695
7170,0.221515,0.585429,3.08305
7180,0.45635,0.28274,4.52951
7190,0.383393,0.222314,4.06113
7200,1.14548,0.223546,5.90654
7210,0.399662,0.222958,4.20124
7220,0.379514,0.442048,3.83042
7230,1.30026,0.220573,7.34905
7240,0.542696,0.459224,4.14233
7250,0.7986,0.239998,5.16908
7260,0.498925,0.838361,3.86144
7270,0.588326,0.290222,5.34018
7280,0.311895,0.281488,3.81063
7290,0.205514,0.254727,3.6938
7300,0.269264,0.307702,4.04296
7310,0.877623,0.278776,6.61865
7320,0.395229,0.273459,3.95458
7330,0.435342,0.332177,4.23769
7340,0.736393,0.248223,7.14055
7350,0.741702,0.30161,5.17461
7360,0.70419,0.249983,6.18267
7370,0.422701,0.240812,5.43559
7380,0.602223,0.233966,5.30753
7390,0.365133,0.344423,4.28571
7400,1.32623,0.262694,6.63897
7410,0.633972,0.33117,5.52288
7420,0.271987,0.288199,4.68765
7430,0.313009,0.243963,3.57828
7440,0.317511,0.223774,4.03619
7450,0.228773,0.485089,3.77699
7460,1.10757,0.714613,6.07216
7470,0.300016,0.59595,3.13672
7480,0.244037,0.421706,4.54609
7490,0.869319,0.240087,6.35464
7500,0.610833,0.250416,5.47452
7510,0.644968,0.202029,4.72087
7520,0.494463,0.303409,4.82609
7530,0.780091,0.268913,5.64081
7540,0.856875,0.289657,6.30859
7550,0.34542,0.339867,4.13303
7560,0.662801,0.357883,6.0196
7570,0.255256,0.244359,3.93989
7580,0.312989,0.46101,3.5375
7590,0.820422,0.485077,5.7629
7600,0.383219,0.22915,3.57282
7610,0.576824,0.315888,4.67917
7620,0.776727,0.29038,5.18285
7630,0.423736,0.289141,5.37084
7640,0.24686,0.265487,4.24419
7650,0.905805,0.214741,6.29501
7660,0.826609,0.2684,5.31923
7670,0.925297,0.797769,5.32797
7680,0.528796,0.269901,4.80634
7690,0.557575,0.226787,4.77826
7700,0.677507,0.270405,5.97594
7710,0.748311,0.313722,5.59728
7720,0.514233,0.217608,4.49925
7730,0.23505,0.346784,3.0849
7740,0.556597,0.196536,4.9863
7750,0.860135,0.203423,5.66347
7760,0.618443,0.241502,5.12044
7770,0.425973,0.780558,3.72746
7780,0.303221,0.264887,3.81355
7790,0.642196,0.226791,5.41555
7800,0.456034,0.336353,4.37311
7810,0.31997,0.464781,3.38435
7820,0.22571,0.36131,3.41214
7830,0.700261,0.229195,6.91556
7840,0.446797,0.385136,4.95098
7850,0.758177,0.983637,4.1726
7860,0.295013,0.276343,4.28188
7870,0.564529,0.223883,4.93462
7880,1.08208,0.221093,5.82217
7890,0.973702,0.591334,7.33066
7900,0.751091,0.285447,7.27507
7910,0.672782,0.295161,4.766
7920,0.433172,0.25293,5.56273
7930,0.247094,0.488353,4.24874
7940,0.697638,0.282753,6.00152
7950,0.484249,0.280628,4.38028
7960,0.244274,0.48057,3.3645
7970,0.259438,0.384069,3.34839
7980,0.29613,0.511701,3.50261
7990,0.630412,0.325804,5.74151
8000,0.394574,0.271256,4.11586
8010,0.541783,0.57008,5.29261
8020,0.280271,0.524205,3.37848
8030,0.389057,0.343789,4.23676
8040,0.859041,0.314561,6.168
8050,0.485823,0.288194,4.26786
8060,0.618397,0.173565,5.55994
8070,0.514636,0.265225,5.10414
8080,1.07405,0.488028,6.45553
8090,0.234948,1.11231,1.94866
8100,0.658622,0.368606,4.61593
8110,0.491394,0.252508,4.50246
8120,0.247066,0.209666,4.6747
8130,0.216822,0.237125,4.17097
8140,0.248696,0.385003,3.1412
8150,1.01394,0.272317,4.75217
8160,0.399484,0.331216,4.24463
8170,0.244641,0.321061,4.08865
8180,0.32583,0.226138,4.56278
8190,1.29623,0.803889,3.50231
8200,0.527933,0.242875,4.76784
8210,0.314697,1.29823,2.3175
8220,0.619381,0.271686,4.93962
8230,0.347382,0.233751,3.71304
8240,0.321073,0.251669,4.12243
8250,0.360461,0.32797,4.11728
8260,0.626291,0.24057,4.94538
8270,0.562217,0.245784,4.60975
8280,0.440563,0.247401,5.47063
8290,2.62644,0.329798,7.98483
8300,0.293831,0.312308,3.32682
8310,0.211862,0.436296,4.39862
8320,0.372709,0.193701,4.44666
8330,0.416422,0.602136,3.74481
8340,0.594678,0.342163,4.88845
8350,0.224057,0.366446,3.12801
8360,0.626303,0.227257,5.11283
8370,0.247428,0.334446,4.1102
8380,0.375361,0.329935,4.30163
8390,0.961445,0.257993,8.61073
8400,0.917339,0.263599,5.97342
8410,0.331395,0.218481,3.74721
8420,0.605985,0.336264,4.97679
8430,0.431125,0.350449,3.99997
8440,0.492178,0.242072,4.42452
8450,0.485464,0.219741,5.05753
8460,1.11258,0.246557,7.07689
8470,1.81315,0.79413,9.82092
8480,2.12476,0.302987,9.03744
8490,0.599072,0.412426,4.6036
8500,0.913667,0.231051,6.05906
8510,1.69677,0.219696,8.29939
8520,0.271773,0.219578,3.65945
8530,0.668162,0.526881,5.78549
8540,0.344584,0.361378,3.91702
8550,0.88457,1.41288,5.41297
8560,1.03598,0.412207,6.43503
8570,1.55281,0.232636,7.14289
8580,0.351917,0.349967,4.93594
8590,0.367826,0.294277,4.44192
8600,1.5418,0.238449,7.93878
8610,0.580212,0.40185,5.27331
8620,0.572466,0.37883,5.01823
8630,0.576642,0.52346,4.44543
8640,0.270196,0.249446,2.92376
8650,0.285977,0.612434,4.06805
8660,0.321363,0.234919,4.35991
8670,0.211801,0.281004,4.17388
8680,0.766336,0.274925,5.71068
8690,0.45609,0.407035,3.59467
8700,0.252731,0.705807,2.72268
8710,0.538871,0.354741,4.3756
8720,0.403138,0.363464,3.85469
8730,0.218676,0.236298,3.67065
8740,0.713781,0.204103,6.67561
8750,0.400918,0.244327,5.14083
8760,1.1768,0.233011,7.86078
8770,0.211957,0.336414,4.54618
8780,0.515676,0.262984,5.09727
8790,0.679101,1.81563,3.61889
8800,0.468105,0.271365,4.76704
8810,0.369051,0.232541,4.80961
8820,0.25967,0.650416,3.8453
8830,0.38452,1.18541,2.78031
8840,0.658027,0.331588,5.94679
8850,0.692579,0.488236,5.55942
8860,0.593597,0.639463,4.56603
8870,0.581651,0.314804,6.08003
8880,0.541953,0.253346,5.7734
8890,0.215671,0.264934,4.64977
8900,0.342079,0.279437,3.80918
8910,1.17352,0.417273,7.2026
8920,0.91219,0.264145,8.65596
8930,0.221578,0.487586,3.7723
8940,2.22991,0.301314,10.7875
8950,1.11147,0.223048,8.08171
8960,0.702158,0.282744,5.48955
8970,0.235717,0.214906,4.03884
8980,0.233747,1.00461,2.77206
8990,0.344042,0.259171,4.487
9000,1.20696,0.277701,8.08627
9010,0.455025,0.237501,4.25268
9020,0.349193,0.250969,3.86857
9030,0.343046,0.404041,3.5994
9040,0.248617,0.226435,3.5097
9050,0.297176,0.2985,3.56007
9060,0.581307,0.229324,6.08827
9070,0.705242,0.309134,6.31142
9080,0.619097,0.258721,5.79536
9090,0.555683,0.254926,6.05068
9100,0.974606,0.377561,8.93938
9110,0.243066,1.09567,3.65187
9120,0.802876,0.277764,6.2542
9130,0.211809,0.268082,3.58658
9140,0.663559,0.320285,5.82701
9150,0.877186,0.281314,7.08951
9160,0.248201,0.273068,4.05077
9170,0.781594,0.246768,6.60591
9180,1.24527,0.193014,7.9013
9190,0.237281,0.413128,3.35327
9200,0.525355,0.426543,4.70689
9210,0.259112,0.359945,3.88484
9220,0.480009,0.290878,4.86228
9230,0.904816,0.228948,5.55398
9240,0.399007,0.627666,4.0715
9250,0.891378,0.225687,7.89825
9260,0.417611,0.296154,4.88149
9270,0.365504,0.59685,3.70569
9280,0.614034,0.296782,5.34514
9290,0.280124,0.219333,5.50732
9300,1.20884,0.242283,7.78983
9310,0.799171,0.614744,7.12519
9320,1.49256,0.76341,10.5476
9330,0.41167,1.01221,3.70183
9340,0.894101,0.285759,7.77903
9350,1.07768,0.37161,7.33114
9360,0.745341,0.270896,5.69754
9370,0.375718,0.297441,4.07132
9380,1.14012,0.305183,6.53587
9390,0.335227,0.282084,4.45081
9400,0.540047,0.266683,4.9775
9410,0.275509,0.299897,4.3875
9420,0.450307,0.247099,5.26927
9430,0.309001,0.37952,4.6852
9440,0.999183,0.328927,7.37705
9450,1.27308,0.261186,7.17904
9460,0.846683,0.220047,6.88496
9470,0.632464,0.66076,6.4901
9480,0.41086,0.523197,4.32082
9490,0.533535,1.91224,3.00002
9500,1.85064,1.26108,6.56207
9510,0.482459,0.251783,4.67518
9520,0.423828,1.47763,3.36708
9530,0.323028,0.882148,3.21099
9540,0.269949,0.45896,3.75629
9550,1.30643,0.285845,8.69282
9560,0.414106,0.232199,4.14107
9570,0.351427,0.272602,4.10732
9580,1.23197,0.252925,7.03882
9590,0.21684,0.478982,2.69163
9600,0.253515,0.871063,3.02292
9610,0.678578,0.291785,5.81501
9620,0.413575,0.202036,4.08459
9630,0.766425,0.300888,5.54203
9640,0.761633,0.20519,6.23793
9650,0.443843,0.215302,4.3593
9660,0.192214,0.348054,4.02182
9670,0.901968,0.287355,7.95416
9680,0.51903,0.264318,6.57281
9690,0.226571,0.255601,4.10256
9700,0.218615,0.51381,3.90895
9710,0.333919,0.612569,3.14624
9720,0.240741,0.238653,4.67328
9730,0.221143,0.271425,3.82283
9740,0.340066,0.249181,4.95559
9750,0.417188,0.739059,4.02467
9760,2.53455,0.416231,13.1878
9770,0.9536,0.5753,6.39638
9780,0.452632,0.596381,4.8454
9790,0.371582,1.08049,3.46839
9800,0.380035,1.047,2.86557
9810,0.37872,0.946726,4.45588
9820,1.37414,0.328187,7.41841
9830,0.843166,0.510091,7.2445
9840,0.230646,0.627945,4.13778
9850,0.308304,0.309806,4.21354
9860,0.64408,0.768223,6.6039
9870,1.12446,0.262518,6.77191
9880,0.387133,0.538406,3.81879
9890,0.583893,0.477832,6.04599
9900,0.360223,0.294678,4.29615
9910,0.437095,0.246516,4.7626
9920,0.348377,0.234277,4.83198
9930,0.646702,0.820636,7.54998
9940,0.396097,0.249656,4.31
9950,0.218835,0.339543,4.14332
9960,0.409513,0.293694,5.63902
9970,0.776454,0.273065,6.54819
9980,0.769405,0.233984,6.19638
9990,0.600515,0.245312,5.37551
10000,0.447036,0.251854,5.6902
10010,0.394818,0.294918,4.14318
10020,0.606353,0.430341,4.86518
10030,0.402609,0.421627,5.2314
10040,0.509016,0.29343,5.41198
10050,0.446979,0.219946,4.99704
10060,1.25336,0.301048,9.13407
10070,1.62403,0.304349,8.93576
10080,1.24464,0.263173,7.26213
10090,0.529058,0.264764,4.22551
10100,0.306985,0.26034,4.43801
10110,0.919887,0.311145,8.823
10120,0.260833,0.471401,2.83144
10130,0.75771,0.275869,7.41039
10140,0.304367,0.526563,4.18996
10150,0.415776,0.465154,4.74252
10160,0.431142,0.200399,4.89527
10170,0.248495,0.324624,4.58718
10180,0.683828,0.258823,6.33721
10190,0.378633,0.256769,4.31084
10200,0.493232,0.245512,6.56697
10210,0.454355,0.530644,5.00465
10220,1.25174,0.20306,8.39984
10230,0.417181,0.393829,5.13582
10240,0.851094,0.252101,5.6626
10250,0.821205,0.262316,5.37516
10260,0.401818,0.19845,4.1157
10270,0.859034,0.267025,8.37732
10280,0.40255,0.217238,4.87111
10290,0.333379,0.285018,3.64678
10300,0.206946,0.316893,4.49372
10310,0.68796,0.230164,7.03877
10320,0.755819,0.34405,5.9241
10330,0.53554,0.475711,5.26841
10340,0.268723,1.27599,3.43288
10350,2.09243,1.57691,5.44647
10360,0.989697,0.242929,5.24833
10370,1.2798,0.309904,7.04846
10380,1.84236,0.288879,10.8795
10390,0.386736,0.255138,3.82372
10400,0.654173,0.62058,4.17663
10410,0.272048,0.243076,4.03364
10420,0.568191,0.295741,4.68294
10430,0.474722,0.242696,5.42196
10440,0.365647,0.234953,4.36494
10450,0.49983,0.304573,5.11597
10460,1.73332,0.238797,9.6253
10470,0.493518,0.210489,5.21561
10480,0.676427,0.611494,4.81504
10490,0.815731,0.811181,4.84568
10500,0.533999,0.368672,4.81483
10510,0.509639,0.241419,4.86557
10520,1.87563,0.398846,12.7245
10530,0.364479,0.33419,5.37847
10540,0.620757,0.389353,5.30112
10550,1.44017,0.342683,9.06782
10560,0.32662,0.271308,4.26797
10570,0.875658,0.332178,6.72984
10580,0.487785,0.34363,4.13833
10590,0.342511,0.737557,1.58351
10600,1.40896,0.263185,8.271
10610,0.738327,0.207164,6.62868
10620,1.78525,0.498406,7.95759
10630,0.659492,0.254619,5.08037
10640,0.452763,0.53622,3.34566
10650,0.232466,0.24242,4.3757
10660,0.287425,0.827407,3.11485
10670,0.253903,0.791293,2.28888
10680,0.774395,0.245233,6.66996
10690,1.24094,0.235125,7.22442
10700,0.376072,0.268887,3.86038
10710,1.25851,0.25655,8.25142
10720,0.224231,0.48672,3.69158
10730,0.601569,0.293939,5.43729
10740,0.685466,0.270372,6.69335
10750,0.29586,0.345952,4.42929
10760,0.231121,0.581572,2.77463
10770,0.24228,0.290185,4.51801
10780,0.354615,0.269825,4.94094
10790,0.29695,0.757053,3.69069
10800,0.280372,0.297788,5.8007
10810,0.35962,0.472789,4.10771
10820,0.430626,0.603149,4.46981
10830,0.301268,0.26895,4.2592
10840,0.841139,0.234752,6.43949
10850,0.292439,0.241563,5.34073
10860,0.412387,0.282273,4.34835
10870,1.50452,0.254733,8.72543
10880,0.338539,0.310554,4.03531
10890,0.393592,0.194972,4.563
10900,0.695598,0.251634,6.42961
10910,1.63358,0.333644,9.12341
10920,0.306356,0.502173,6.3163
10930,0.294613,0.295278,3.4089
10940,0.322838,0.261539,4.73732
10950,0.267123,0.382868,4.53236
10960,0.354823,0.297689,4.10867
10970,0.574394,0.274596,4.65524
10980,0.664135,0.280293,6.38934
10990,0.420954,0.236152,4.58181
11000,0.243132,0.496566,3.91423
11010,0.661638,0.61167,4.98183
11020,0.655164,1.16557,5.44364
11030,0.258528,0.455025,3.64827
11040,0.482777,1.82639,4.02762
11050,0.913943,0.417523,6.01036
11060,1.38459,0.315466,8.88134
11070,0.222712,0.407589,3.4516
11080,0.304673,0.245819,5.00264
11090,0.329551,0.480352,5.03881
11100,0.234192,0.298112,4.19118
11110,0.236282,0.940651,3.07647
11120,1.24728,0.297977,8.75528
11130,0.448131,0.219857,4.94608
11140,0.453922,0.279472,4.86077
11150,3.52288,0.497016,13.8578
11160,0.478619,0.465738,4.78298
11170,0.539839,0.278397,4.24416
11180,0.291922,0.297722,5.03949
11190,0.322941,0.249803,4.47567
11200,0.905087,0.2771,6.51315
11210,0.209685,0.24817,4.01777
11220,0.43583,0.295617,5.19445
11230,0.762455,0.247412,6.9162
11240,0.587013,0.276413,4.62848
11250,1.71143,0.315552,9.45276
11260,0.403395,0.241637,5.18778
11270,0.288278,0.206572,4.07257
11280,0.693607,0.333446,5.171
11290,0.500917,0.220597,4.2885
11300,0.238324,0.798526,2.18998
11310,1.21812,0.3715,10.2246
11320,1.97796,0.280555,11.1203
11330,0.25996,0.255318,4.41403
11340,0.874881,0.292875,6.39235
11350,0.324311,0.258776,3.5142
11360,0.990648,0.340612,7.3962
11370,0.540969,0.302156,5.08785
11380,1.8284,1.94635,7.22301
11390,0.307271,0.263192,3.73252
11400,0.62478,1.91534,3.85842
11410,0.28298,0.305044,5.65483
11420,0.284429,0.43001,4.74114
11430,2.12863,0.392989,9.6113
11440,0.247842,0.245611,4.67358
11450,1.28338,0.337094,7.77559
11460,0.773819,0.252331,7.5343
11470,0.581847,0.209204,5.88001
11480,0.550841,0.244032,5.76271
11490,0.694076,0.316658,5.78444
11500,0.291558,0.211591,4.21367
11510,0.239508,0.535718,3.00324
11520,0.337424,0.434805,6.95589
11530,0.659632,0.268283,5.45847
11540,0.288523,0.61124,3.70857
11550,0.513528,0.366101,4.70141
11560,0.529875,0.306698,5.39566
11570,0.304185,0.281531,5.03698
11580,0.566419,0.312728,5.03251
11590,0.296429,0.316886,4.85577
11600,1.87136,0.305363,10.1206
11610,0.237274,0.571719,3.90849
11620,0.345843,0.231234,3.35062
11630,0.830836,0.276926,7.94069
11640,0.568925,0.302134,5.59887
11650,0.657545,0.282407,6.5936
11660,0.377862,0.206699,4.53926
11670,0.240785,1.1653,3.38405
11680,0.586941,0.430543,5.15828
11690,0.23764,0.415059,3.17021
11700,0.267218,0.646797,3.52621
11710,0.451353,0.304231,6.15906
11720,0.264027,0.363771,4.12888
11730,0.3166,1.25974,2.45415
11740,0.681615,0.227028,6.66163
11750,2.37697,0.362886,10.598
11760,0.198519,0.640412,3.78479
11770,0.270898,0.285247,4.00407
11780,0.309881,0.26264,4.41208
11790,0.361422,0.215655,5.11121
11800,0.561462,0.287323,5.16488
11810,0.554939,0.251965,5.97698
11820,0.342758,0.33587,5.08731
11830,0.561847,0.284877,5.87226
11840,0.302931,0.309669,4.6752
11850,0.213044,0.26585,4.74568
11860,0.897486,0.288501,7.16849
11870,0.221515,0.233956,4.28852
11880,0.829206,0.33599,8.20698
11890,0.403365,0.26506,3.92363
11900,0.246502,0.276317,4.14761
11910,0.267838,1.04655,4.34481
11920,0.432556,1.44946,3.3954
11930,0.415632,0.293919,5.95739
11940,0.674201,0.285767,6.71742
11950,0.292278,0.24391,4.33589
11960,0.268386,0.934749,2.50744
11970,0.346096,0.246394,4.66545
11980,0.844665,0.277124,7.85509
11990,0.629848,0.254722,6.78846
12000,0.611521,0.269212,5.22249
12010,0.412456,0.310861,4.52143
12020,0.233366,0.275004,4.11183
12030,0.328851,0.60728,4.34003
12040,0.634786,0.344089,5.83862
12050,0.232882,0.251513,4.23052
12060,0.413849,0.268087,5.35973
12070,1.95826,0.24987,12.2766
12080,0.399625,0.258522,4.67277
12090,0.280371,0.906561,2.9774
12100,1.24349,0.204177,9.35462
12110,0.446126,1.08752,4.61517
12120,1.37068,0.259279,7.1288
12130,0.286959,0.481402,3.23919
12140,0.270721,0.898002,3.03149
12150,0.332301,0.281824,4.42973
12160,0.227652,0.270055,4.39316
12170,1.49814,0.24745,8.92536
12180,0.589528,0.270473,4.88708
12190,0.535713,0.369831,4.89281
12200,0.849423,0.189991,9.567
12210,0.296217,0.232734,4.36075
12220,0.688733,0.22886,6.98264
12230,0.512637,0.682236,5.04255
12240,0.245834,0.27887,3.99431
12250,0.572406,0.276615,5.18565
12260,0.942144,1.18914,6.60824
12270,0.537258,0.283062,6.39829
12280,0.257941,0.455492,5.26232
12290,0.23526,0.653719,4.31453
12300,0.36626,0.356971,4.44315
12310,0.395131,0.248225,5.03562
12320,0.509251,0.281589,5.80117
12330,0.76033,0.481544,7.12695
12340,0.591018,0.394272,6.11963
12350,0.314081,0.229738,3.00012
12360,0.291405,0.272158,5.36505
12370,0.402422,0.260474,5.05475
12380,0.262696,0.364041,4.12703
12390,0.270752,0.232225,4.87832
12400,0.290929,0.253124,4.6172
12410,0.318335,0.253223,5.55476
12420,0.585329,0.453798,5.80604
12430,0.401114,2.07069,3.26205
12440,0.496984,0.802342,5.30285
12450,0.626637,0.280686,5.54562
12460,0.594425,0.258151,6.15553
12470,0.856539,0.336881,6.63783
12480,0.441299,0.226873,4.88783
12490,0.266591,0.614373,3.74407
12500,0.706555,1.01294,5.28408
12510,0.717607,0.259453,5.87733
12520,0.576377,0.314943,6.1264
12530,0.746725,0.246119,6.37483
12540,0.723428,0.336929,8.05543
12550,0.509098,0.220284,6.42066
12560,0.53097,1.06437,4.78428
12570,0.789942,0.900168,4.70254
12580,0.301608,0.294024,5.63188
12590,0.247344,0.323409,4.59669
12600,0.772846,0.253323,7.60348
12610,0.929743,0.682585,5.94195
12620,0.522663,0.584149,5.12544
12630,0.358948,0.305142,5.17545
12640,0.659119,0.233177,6.39411
12650,1.14955,0.298493,8.69381
12660,0.964876,0.265189,7.97937
12670,0.576599,0.326657,7.50113
12680,2.04523,0.366782,10.1336
12690,0.839914,0.276574,6.98459
12700,1.16246,0.49936,8.81841
12710,0.306315,0.228789,5.91771
12720,0.823374,0.30323,6.06422
12730,1.13523,0.282134,8.15677
12740,0.854936,0.382807,7.07916
12750,0.224098,0.232986,4.53107
12760,0.427016,0.265192,3.17955
12770,0.68292,0.232936,6.26822
12780,0.616488,0.283592,6.48965
12790,0.512158,0.345093,5.31402
12800,0.323783,0.54302,3.60807
12810,0.360028,0.254476,4.98664
12820,0.230837,0.632649,3.51587
12830,0.777556,0.295543,6.70645
12840,2.2537,0.357958,13.4054
12850,0.317006,0.438774,4.82021
12860,0.539596,0.278394,6.55956
12870,1.23236,0.337183,9.40956
12880,0.296865,0.537938,5.4862
12890,0.874471,0.339888,5.55852
12900,0.498341,0.404825,5.58796
12910,1.98637,0.494353,12.5705
12920,0.308695,0.240731,4.39012
12930,0.792614,0.326658,6.99046
12940,0.268678,0.305078,4.43522
12950,0.446595,0.283591,5.33292
12960,0.682354,0.259074,6.09594
12970,1.1121,0.252527,9.01614
12980,0.242413,0.282398,4.0343
12990,0.281399,0.274644,4.78694
13000,0.481594,0.244179,4.90833
13010,0.716312,0.284676,7.60865
13020,0.496062,0.305699,5.93851
13030,0.284202,0.239898,4.57846
13040,1.20154,0.252034,8.68696
13050,1.01117,0.261957,9.61541
13060,0.539697,0.260427,6.40248
13070,0.612261,0.26527,6.78014
13080,0.653642,0.240418,6.54037
13090,0.319511,0.20553,5.3887
13100,0.793688,0.282052,7.99345
13110,0.689444,0.277764,5.35101
13120,1.51689,0.334099,12.1278
13130,0.314173,2.33004,4.53902
13140,0.250215,0.309206,5.51237
13150,0.616382,0.507837,5.68151
13160,0.400684,0.404904,4.14644
13170,0.661958,0.254719,6.58444
13180,0.469024,0.242676,5.56628
13190,0.552937,0.270258,6.67724
13200,2.32636,0.381142,11.827
13210,0.433509,0.235628,5.47367
13220,1.08779,0.199612,8.39687
13230,0.231317,0.480109,3.90562
13240,0.332534,0.72126,4.80894
13250,0.190309,0.333789,4.49308
13260,0.2737,0.355527,4.55718
13270,0.244902,0.340791,4.09107
13280,0.528417,0.198371,6.46307
13290,1.36611,0.301371,9.57326
13300,0.295556,0.267867,5.18707
13310,0.366242,0.265296,5.25876
13320,0.486201,0.249246,6.6115
13330,0.424664,0.306534,5.84396
13340,0.239833,0.245738,4.48338
13350,0.481197,0.719915,3.9723
13360,0.54841,0.303051,5.2793
13370,2.89438,0.502125,11.4528
13380,0.362567,0.314066,4.98838
13390,1.4414,0.313624,10.6344
13400,0.36147,0.214995,5.05692
13410,0.305268,0.384472,2.48857
13420,0.301561,0.408958,4.76413
13430,0.369913,0.276005,5.81704
13440,1.59795,0.334011,9.09596
13450,0.582793,0.257304,6.57088
13460,1.55314,0.327035,9.83019
13470,0.537281,0.289942,7.0852
13480,0.345694,0.278742,4.46796
13490,0.49865,0.621358,3.75301
13500,0.217427,0.273301,5.38973
13510,1.09258,0.282748,7.77053
13520,0.559036,0.324373,7.0487
13530,0.247718,0.713119,3.43
13540,0.492289,0.24626,5.94826
13550,1.57636,0.281952,8.80127
13560,1.24217,0.259266,9.69259
13570,0.264114,0.242247,4.73782
13580,0.580202,0.673819,5.26293
13590,0.830137,0.244404,7.21315
13600,1.45297,0.273274,8.29755
13610,2.12927,0.428733,12.1569
13620,0.266733,0.448557,3.82921
13630,1.47675,0.337354,9.40865
13640,0.401138,0.258013,5.76693
13650,0.563284,0.247146,5.79178
13660,0.271982,0.336515,4.54692
13670,0.478894,0.215903,4.9282
13680,1.31911,0.267351,10.089
13690,0.532205,0.243025,5.35858
13700,0.722967,0.243322,6.93136
13710,0.745838,0.249511,6.8311
13720,1.26633,0.281225,7.35174
13730,0.3823,0.841412,3.00305
13740,0.245691,0.323835,3.95067
13750,0.551774,0.325422,6.10203
13760,0.847476,0.254973,8.31779
13770,0.283472,0.35868,5.49259
13780,0.826491,0.320287,7.80625
13790,0.236396,0.208828,4.55465
13800,0.277946,0.712408,3.49681
13810,0.311776,1.85138,3.54858
13820,0.711854,0.300436,5.9498
13830,0.736984,0.3163,5.45078
13840,2.63156,0.333235,11.4585
13850,0.392753,0.303091,4.87447
13860,0.492291,0.23564,5.54032
13870,0.393261,0.353739,5.0326
13880,0.3854,0.470831,6.18143
13890,0.257261,0.242957,5.1623
13900,0.825524,0.77924,7.08976
13910,0.517626,0.212465,4.91948
13920,1.14179,0.236019,8.61726
13930,0.697939,0.29834,6.63039
13940,0.587752,0.245888,6.33753
13950,0.302614,0.201415,4.28228
13960,0.532921,0.809196,5.08149
13970,0.53571,0.263703,6.53031
13980,0.300533,0.256952,4.91267
13990,0.749371,0.284356,8.42532
14000,0.24176,0.365825,5.8342
14010,0.265774,2.09577,2.66572
14020,0.242992,0.259277,5.30584
14030,0.512764,0.438438,5.28097
14040,0.279221,0.864108,2.76621
14050,0.294036,0.288307,5.62521
14060,0.302617,0.228305,5.00753
14070,0.521559,0.363371,5.31892
14080,1.51722,0.256229,9.87444
14090,0.559862,0.372071,5.80205
14100,0.258945,1.94844,2.90285
14110,0.275553,0.276577,4.27624
14120,1.41148,0.470398,7.55286
14130,0.364391,0.450415,4.63268
14140,0.49423,0.290691,6.55649
14150,0.272736,0.306963,4.03664
14160,0.269044,0.254957,5.12562
14170,0.282389,0.247949,4.72237
14180,1.85619,0.288329,12.8333
14190,0.558625,0.316189,6.49284
14200,0.668472,0.260644,6.64049
14210,0.940432,0.596204,5.32729
14220,0.609935,0.198959,6.18881
14230,1.34592,2.51844,6.14085
14240,0.891956,0.83856,7.02668
14250,1.72223,0.327938,8.12849
14260,0.324483,0.237143,5.18357
14270,1.94719,0.342991,10.6076
14280,0.256549,0.494945,4.18206
14290,0.630417,1.47395,4.26342
14300,0.253792,1.46879,2.94183
14310,1.8348,0.329483,10.9579
14320,0.397617,0.273262,5.85051
14330,1.13689,0.216483,7.90772
14340,1.21675,0.297789,7.70599
14350,0.420177,0.336147,4.57629
14360,0.884243,0.237438,8.11427
14370,0.243289,0.257686,3.62097
14380,0.399976,0.221319,5.31518
14390,0.35583,0.213453,6.47552
14400,0.485073,0.241083,5.22479
14410,0.436377,0.284612,6.07717
14420,0.281328,0.272461,4.20292
14430,0.184199,0.928478,3.33735
14440,1.62996,0.288172,9.01392
14450,0.229573,0.265728,5.13338
14460,0.539453,0.268916,5.15775
14470,0.450763,0.328911,4.63781
14480,0.396197,0.390459,5.58758
14490,2.04477,1.61687,7.93989
14500,3.00531,0.372333,12.6863
14510,2.11997,0.307515,11.075
14520,1.04477,0.34209,8.28484
14530,0.232342,0.264345,4.0334
14540,0.712847,0.20667,6.06315
14550,0.76867,0.232977,6.92507
14560,0.244679,0.449508,3.91504
14570,0.438368,0.241149,5.3189
14580,1.56091,0.345748,11.344
14590,0.517697,0.727318,5.26639
14600,0.458031,1.46881,2.82679
14610,0.456362,0.405286,4.59908
14620,1.38971,0.30869,8.52324
14630,0.279796,0.281206,4.40779
14640,0.826313,0.836487,7.30814
14650,0.585717,0.240693,6.09355
14660,0.929728,0.23278,7.78883
14670,0.258937,1.09651,2.90756
14680,0.916677,0.371888,6.76094
14690,0.937255,0.414708,7.0841
14700,0.473401,0.560604,6.05092
14710,0.393351,0.28605,4.4602
14720,0.268784,0.262447,4.79254
14730,0.992371,0.261793,8.06303
14740,0.610207,0.269486,6.85027
14750,0.279378,0.699324,3.34162
14760,0.258718,0.459209,4.80931
14770,0.953007,0.425786,7.83744
14780,0.353803,0.288535,4.91345
14790,0.481929,0.248267,6.28783
14800,0.47404,0.267775,6.11482
14810,0.268274,0.328464,4.86759
14820,1.10994,2.12436,6.67398
14830,1.09777,0.242301,10.2509
14840,4.44813,0.531058,12.7103
14850,0.989836,0.309634,6.22419
14860,0.394067,0.24512,5.76559
14870,0.715479,0.368737,4.64558
14880,0.391092,0.318397,4.24469
14890,0.695074,2.37541,4.03615
14900,0.303517,0.91194,3.70738
14910,0.239522,0.428093,4.06811
14920,0.270094,0.335431,4.69301
14930,0.406344,0.279737,4.06724
14940,0.769952,0.251258,6.2259
14950,0.514751,0.237512,6.29653
14960,0.404724,0.309679,5.09442
14970,0.258901,0.499307,5.17603
14980,0.265299,1.27103,3.89752
14990,1.53925,0.29746,9.38873
15000,0.356441,0.325815,5.65148
15010,0.443907,0.373427,5.97675
15020,0.223858,0.205473,4.52733
15030,0.58015,0.298594,9.56573
15040,0.236023,0.493545,4.33757
15050,0.309401,0.256376,5.33667
15060,1.98931,0.361637,10.8652
15070,0.363571,0.263911,5.13002
15080,0.319841,0.396375,4.43861
15090,0.418411,0.236995,5.42563
15100,0.537545,0.266624,6.28451
15110,2.26067,0.338571,10.9601
15120,0.257832,0.864532,3.6045
15130,0.850373,0.211515,8.3545
15140,1.30276,0.3954,10.3886
15150,1.29672,0.415275,8.02012
15160,1.58249,0.315842,10.4188
15170,0.366401,0.269893,6.73645
15180,0.547597,0.243606,6.36946
15190,0.397423,0.255106,6.0049
15200,0.358773,0.2375,5.51616
15210,0.677416,0.379443,5.20366
15220,0.268693,0.268667,4.69346
15230,0.499443,0.230138,6.65887
15240,1.9063,0.199423,12.8797
15250,1.23715,0.321131,9.54477
15260,0.4013,1.26989,3.27742
15270,0.744498,0.226874,7.33649
15280,0.660552,0.326891,7.73946
15290,0.889959,0.239799,7.22045
15300,0.928926,0.275903,8.71658
15310,1.52548,0.415375,10.1056
15320,1.33989,0.270006,9.00732
15330,0.291402,1.61668,2.61907
15340,0.514039,0.302584,5.90591
15350,0.304284,0.246734,4.85091
15360,0.259872,0.548013,3.738
15370,1.25427,0.251129,8.15004
15380,0.242917,0.464808,4.69945
15390,1.28536,0.360292,8.68912
15400,0.606373,0.199058,5.76186
15410,0.413552,0.299378,5.9259
15420,0.69294,0.252023,7.56148
15430,0.89775,0.299697,7.00537
15440,1.10427,0.316978,8.5856
15450,0.398882,0.323245,5.13521
15460,0.26321,0.379441,3.98488
15470,0.4798,0.396585,5.12504
15480,0.467363,0.2453,6.09351
15490,0.500148,0.185945,6.73678
15500,2.49145,0.268276,12.2603
15510,0.382035,0.332543,7.50032
15520,0.286343,0.408663,3.51755
15530,1.03815,0.252907,8.97329
15540,1.56041,1.69464,6.99384
15550,0.837532,0.247133,8.39632
15560,0.267192,0.324872,5.50444
15570,1.34317,0.331627,9.49524
15580,0.525967,0.229696,5.58481
15590,0.902898,0.274704,7.34493
15600,0.566672,0.252286,5.64406
15610,0.430174,0.341227,5.43891
15620,0.38443,0.296125,6.15247
15630,0.268981,0.21628,5.56932
15640,0.644337,0.276583,7.43601
15650,0.290486,0.261805,5.02022
15660,0.242302,0.526053,3.79571
15670,1.36815,0.358581,10.6374
15680,3.1286,0.539237,12.6642
15690,0.317081,0.245054,7.79301
15700,1.06776,0.313422,6.99618
15710,0.342206,0.649406,5.11355
15720,0.631276,0.252164,6.54796
15730,1.13168,0.397398,8.06142
15740,1.12516,0.242466,8.55928
15750,0.347423,0.536072,3.77477
15760,0.274619,0.329795,4.49313
15770,0.371783,0.265696,5.06841
15780,0.216556,0.301841,3.92613
15790,0.998893,0.22372,8.51729
15800,0.332868,0.210934,5.10973
15810,0.681613,0.265072,6.88485
15820,0.285912,0.283165,4.5087
15830,0.279462,0.26981,4.05332
15840,0.322966,0.283145,3.88141
15850,0.809424,0.300216,7.99184
15860,1.0629,0.266215,9.06728
15870,1.12969,0.290924,9.87232
15880,0.229133,2.46378,0.566615
15890,0.199946,0.841945,2.69736
15900,0.537707,0.371985,9.5654
15910,1.21291,0.309039,9.29568
15920,0.681703,0.316364,6.21685
15930,0.702447,0.252858,7.28649
15940,0.353037,0.531505,3.8853
15950,0.414151,1.12995,3.80149
15960,0.276313,0.631549,4.27328
15970,0.27672,0.238645,6.2439
15980,0.500708,0.271045,5.36294
15990,0.436254,0.258514,5.9756
16000,0.868615,0.254605,8.33907
16010,0.771055,0.236232,6.6797
16020,0.312334,0.275484,5.40301
16030,0.31935,0.243664,5.07573
16040,0.292095,0.34164,4.02938
16050,0.246897,0.236642,4.93539
16060,0.804043,0.321896,8.1454
16070,0.482731,0.28382,5.3091
16080,1.00733,0.189162,8.9477
16090,0.270709,0.270804,4.10648
16100,0.311197,0.264584,4.8243
16110,0.9548,0.237751,8.93863
16120,0.457606,0.492146,4.92171
16130,0.493457,0.263264,5.91176
16140,0.433334,0.242024,6.55061
16150,1.02439,0.966167,6.85105
16160,0.798695,0.3137,7.82434
16170,0.277961,0.245225,4.5026
16180,0.33043,5.70357,1.70718
16190,0.607718,0.24226,7.24969
16200,0.499492,0.213392,6.01352
16210,0.478587,0.287512,6.00902
16220,0.385635,0.225029,5.46311
16230,0.612091,0.293059,6.74814
16240,0.627025,0.26703,6.85249
16250,0.327771,0.264671,5.09871
16260,0.285346,0.295723,4.23599
16270,0.664024,0.306387,7.63814
16280,0.554752,0.26056,6.5909
16290,0.877226,0.459688,7.26115
16300,0.817764,0.301845,8.05842
16310,0.287371,0.296365,3.80563
16320,0.434139,0.627699,7.75289
16330,2.64706,0.476862,12.448
16340,1.46519,0.252552,9.72183
16350,0.42311,0.422575,3.99021
16360,0.857794,0.949417,7.51596
16370,0.403116,0.574406,3.71897
16380,0.393483,0.596272,4.33565
16390,0.276407,0.346101,4.95772
16400,0.53191,0.380171,5.87545
16410,0.51219,0.197651,6.39237
16420,0.754424,0.341225,6.6549
16430,0.291526,1.64962,1.86222
16440,0.508135,0.289405,6.41497
16450,0.224399,0.575092,2.97362
16460,0.819213,0.274424,8.28328
16470,0.317108,0.276646,4.10642
16480,1.55808,0.377846,10.4798
16490,0.271323,0.507407,3.98941
16500,0.253604,0.230689,4.81232
16510,0.429101,0.565109,3.89753
16520,0.209217,1.26078,2.36573
16530,0.609765,0.299723,7.32839
16540,0.437683,0.270794,4.99887
16550,0.686558,0.480621,5.59498
16560,0.196261,0.252774,4.23047
16570,1.01651,1.71731,5.97473
16580,0.403798,0.236465,5.92775
16590,0.498381,0.238753,6.33727
16600,1.03266,0.286002,9.11045
16610,0.337941,0.222868,4.95857
16620,0.529756,0.286244,6.21781
16630,0.266741,0.245841,4.29711
16640,0.234782,0.642843,3.52884
16650,0.455018,0.221479,5.53778
16660,0.440483,0.287701,5.23906
16670,1.38549,2.16965,9.38909
16680,0.575466,0.251332,6.41821
16690,0.47238,0.252627,6.02789
16700,0.344301,0.839977,3.71998
16710,0.248985,0.262889,4.63559
16720,0.280206,0.896617,3.94715
16730,0.259643,0.286377,4.85235
16740,0.342342,0.228219,5.01383
16750,0.820892,0.286189,7.54163
16760,0.627999,1.48457,4.48693
16770,0.259112,0.29228,4.49439
16780,0.802095,0.268867,7.34438
16790,0.704627,0.21361,6.39002
16800,0.279638,0.25421,4.50416
16810,0.227521,0.24989,4.39806
16820,0.267665,0.41419,3.61334
16830,1.0,0.291932,8.85714
16840,0.344409,0.262585,4.65608
16850,0.246366,0.31138,4.48799
16860,0.413687,0.458295,4.26677
16870,0.689897,0.377233,7.68759
16880,1.83322,1.70187,9.22803
16890,0.445131,0.24663,6.0142
16900,0.553042,1.94502,2.68544
16910,0.714069,0.265947,6.97677
16920,1.17782,0.358487,9.02937
16930,0.256991,0.905858,3.12208
16940,0.387489,0.289296,6.13077
16950,0.259272,0.307821,4.1303
16960,0.372818,0.208813,4.24327
16970,0.769066,0.279778,7.38467
16980,0.446686,0.278728,5.08893
16990,0.585195,0.421924,5.89052
17000,0.47962,0.273849,6.44913
17010,0.355469,0.216505,4.94668
17020,0.289054,0.316862,5.62208
17030,0.530155,0.353019,5.50086
17040,1.37752,0.256334,9.13635
17050,0.828436,0.239395,6.41462
17060,0.457839,1.40484,3.79162
17070,0.500132,0.23355,6.27947
17080,0.635427,0.272026,7.17592
17090,1.26043,0.297203,9.57348
17100,0.202003,0.257932,3.86876
17110,0.607269,0.301923,7.04354
17120,0.70584,0.263465,6.90083
17130,0.289786,0.291065,4.26387
17140,0.216935,0.286137,3.63074
17150,0.434043,0.289194,5.92564
17160,0.338034,0.222624,5.21924
17170,0.245793,0.691677,3.32031
17180,0.968943,0.675551,6.39207
17190,1.20179,0.244304,10.1209
17200,0.54247,0.841229,4.62213
17210,0.563589,1.43897,3.73412
17220,0.241342,0.283642,4.29025
17230,1.25828,0.338444,10.8416
17240,0.30859,0.257008,5.22499
17250,0.221147,0.799,2.50021
17260,0.340385,0.22945,5.45756
17270,0.308801,0.430748,4.70756
17280,0.279557,0.281608,4.15475
17290,0.434369,0.270503,4.83337
17300,0.194011,0.282113,4.70702
17310,0.319347,0.2473,4.8876
17320,2.18902,1.88141,12.708
17330,0.448527,0.687062,4.49945
17340,0.514959,1.46067,4.60228
17350,0.263954,0.71696,3.77411
17360,0.375638,0.414272,6.43078
17370,0.68596,0.765097,5.09757
17380,0.260422,0.214828,5.90862
17390,0.333548,0.263991,4.19846
17400,0.947307,1.93363,5.57549
17410,0.330906,0.268309,4.7109
17420,0.306173,0.244219,6.01624
17430,0.502463,0.269205,5.30723
17440,0.75985,0.229536,7.43389
17450,1.95574,0.243437,13.4031
17460,0.57714,0.214679,6.75061
17470,0.708464,0.614919,6.00607
17480,0.736116,0.22852,6.99918
17490,0.685484,0.21013,7.6753
17500,0.468085,0.243815,6.32451
17510,0.413953,0.252475,4.86208
17520,0.33602,0.273847,4.51898
17530,0.234135,0.76336,3.91754
17540,0.415831,0.23617,4.84134
17550,0.232891,0.23061,3.78691
17560,0.772738,0.256743,6.99295
17570,1.35943,0.263053,9.6942
17580,0.300523,0.224837,3.99294
17590,0.369759,0.880273,3.51885
17600,0.461199,0.233292,5.75788
17610,0.307107,0.295089,4.68183
17620,0.52821,0.262691,6.00379
17630,1.48799,0.23644,10.4832
17640,0.311756,0.249852,6.29559
17650,2.31006,0.375484,10.658
17660,0.255369,0.314083,4.46483
17670,0.46878,0.957739,4.25201
17680,1.32651,1.31446,8.49884
17690,0.251154,0.872167,3.24778
17700,0.588066,0.317693,6.87066
17710,0.752936,0.342272,7.0261
17720,0.527502,0.224289,5.79142
17730,0.352103,0.257982,3.7662
17740,0.234958,0.342506,4.77022
17750,0.442294,0.281131,5.74833
17760,0.34328,0.212705,5.79182
17770,0.397494,0.254059,6.04908
17780,0.455667,0.272601,5.38611
17790,0.452318,0.230118,5.39243
17800,0.509208,0.181688,6.24709
17810,0.502355,0.223106,5.58247
17820,0.513962,0.232414,5.58409
17830,1.15439,0.396121,9.54503
17840,1.53516,0.40196,13.0905
17850,0.265452,0.247798,4.48872
17860,0.332709,0.255144,5.09616
17870,0.355265,1.15047,3.42414
17880,0.268485,2.15745,2.14693
17890,0.409489,0.281523,7.39185
17900,1.89569,0.608557,10.7409
17910,0.249367,0.41599,4.4562
17920,0.402296,0.236248,5.71494
17930,0.788509,0.2618,6.69629
17940,0.656382,0.348906,7.10923
17950,0.346204,0.25283,4.97452
17960,1.0091,0.272158,8.80119
17970,0.404693,0.226277,4.35206
17980,0.94085,0.25533,8.55425
17990,0.254918,0.235058,4.53829
18000,0.251293,0.27626,4.21992
18010,0.5347,0.268819,5.51
18020,0.439766,0.447699,4.93382
18030,0.335809,0.272727,4.09674
18040,1.10716,0.356674,9.46915
18050,0.341848,0.23036,4.7123
18060,0.245248,0.25872,4.92645
18070,0.253487,0.213835,5.71593
18080,0.348059,0.223136,5.47962
18090,0.294708,0.305967,5.80161
18100,0.39195,0.30524,5.28115
18110,1.32145,0.244345,10.4342
18120,0.216122,0.580704,2.9707
18130,0.606145,0.282985,6.07051
18140,0.28177,0.201774,4.80312
18150,1.23373,0.247595,10.1481
18160,2.2845,0.512523,13.0997
18170,0.470701,0.244019,6.00903
18180,0.335631,0.281897,7.19614
18190,0.688838,0.29508,8.56791
18200,1.02864,0.237737,9.78322
18210,0.402601,0.248782,4.84513
18220,0.208528,0.487781,3.90313
18230,0.939796,0.221563,8.25518
18240,0.325303,0.490721,3.16435
18250,1.67531,0.356634,9.24326
18260,0.221357,0.247618,4.19574
18270,0.26477,0.604882,4.15685
18280,0.593793,0.227116,6.18596
18290,0.563828,0.26366,6.6263
18300,1.36792,0.27751,8.6057
18310,0.561764,0.253198,6.65664
18320,2.15499,0.431145,10.6304
18330,0.640099,0.223898,6.08807
18340,2.29523,0.353782,11.28
18350,0.266052,0.255053,4.66007
18360,0.294933,0.289041,5.38873
18370,0.496951,0.220609,5.72324
18380,0.271458,0.404356,3.48564
18390,3.06625,0.404389,11.7283
18400,0.203856,0.43718,3.98046
18410,1.11153,0.266202,8.74415
18420,1.73607,0.285631,10.8
18430,0.275662,0.261884,4.53056
18440,0.85796,0.28051,7.73317
18450,0.290528,0.288153,4.72956
18460,0.232242,0.367215,4.32528
18470,1.2399,0.582673,6.56374
18480,0.514032,0.433346,5.62807
18490,0.31938,0.218814,4.35977
18500,0.511874,0.314158,6.37467
18510,0.285524,0.257056,4.24693
18520,0.812532,0.259046,6.73325
18530,0.943291,0.254326,9.12212
18540,0.563492,0.247356,7.3037
18550,0.815704,0.254769,8.01388
18560,0.307231,0.214366,5.06499
18570,1.63915,0.309193,12.3851
18580,0.891597,1.84131,5.28437
18590,0.251653,0.333376,4.157
18600,1.06418,0.267958,8.87055
18610,0.524458,1.52766,4.09753
18620,0.286179,0.223944,7.56408
18630,0.233479,0.689989,3.92416
18640,0.362174,0.256678,5.11531
18650,2.14601,0.408173,11.3461
18660,0.757317,0.235484,7.16761
18670,0.674645,0.287064,6.65857
18680,0.681624,0.348655,7.386
18690,1.85914,0.283292,9.93609
18700,2.10454,0.338486,11.1131
18710,1.36468,0.252155,10.1364
18720,1.14913,0.314282,8.0394
18730,0.281569,0.483272,3.45686
18740,0.551441,0.205762,6.66648
18750,0.321641,0.259171,4.50761
18760,0.249839,0.334412,4.18213
18770,0.281164,0.253526,3.84682
18780,0.635448,0.221791,7.4464
18790,0.841051,0.231403,6.87692
18800,1.50588,0.241912,8.71391
18810,2.21968,0.426413,11.8585
18820,0.501423,0.279186,6.54256
18830,0.458395,0.333016,6.42722
18840,0.626543,0.310817,6.52786
18850,0.72149,1.09405,5.92275
18860,0.802739,0.267711,7.76202
18870,0.257248,0.206717,4.17281
18880,0.274168,0.622675,3.89647
18890,0.219381,0.206691,4.59829
18900,0.279162,0.257033,4.26733
18910,1.26756,0.277779,10.0806
18920,0.381216,0.241962,5.21748
18930,1.37443,0.299256,9.78839
18940,0.654335,0.323036,6.8213
18950,0.455961,0.272245,5.88544
18960,0.34189,0.337997,4.55862
18970,0.674675,0.403458,7.74582
18980,0.870708,0.202924,7.47427
18990,0.402566,0.20838,5.14302
19000,0.727863,0.260307,6.85763
19010,0.288033,0.242752,4.29016
19020,0.363504,0.260246,4.99108
19030,0.260389,0.238534,4.48089
19040,0.209951,0.244147,4.72194
19050,0.60568,0.314392,6.85837
19060,0.400861,2.32925,3.08985
19070,0.612762,0.255204,7.60534
19080,1.17945,0.244266,9.33608
19090,0.369654,0.226159,4.17168
19100,0.236359,0.646812,2.94523
19110,0.515329,0.22261,5.69445
19120,1.19959,0.360303,8.71267
19130,0.397627,0.238839,5.17373
19140,0.418979,0.968246,3.70889
19150,0.326006,0.261723,5.14802
19160,0.760409,0.247325,7.73016
19170,0.215698,0.240832,4.38457
19180,0.263444,0.36536,5.10984
19190,0.562823,0.298162,6.36828
19200,0.270482,0.470048,4.23994
19210,1.47183,0.362598,8.07307
19220,1.04955,0.253524,8.90287
19230,0.446294,0.273038,5.58337
19240,1.6469,0.346734,10.8811
19250,0.395962,0.282269,5.03624
19260,0.232349,0.280737,3.25877
19270,0.973594,0.277659,7.70256
19280,0.223509,0.47116,3.98076
19290,0.464301,0.247972,5.79953
19300,0.835209,0.282724,7.34482
19310,1.00064,0.337096,8.67809
19320,0.308578,0.255663,4.27905
19330,0.535408,0.268768,6.20822
19340,0.330035,0.259099,5.00089
19350,0.266511,1.87919,2.23573
19360,0.559471,0.359518,6.46461
19370,0.648967,0.375532,5.01821
19380,0.308159,0.781823,4.84829
19390,0.580872,0.210073,6.50345
19400,0.683985,0.301986,6.76694
19410,0.375875,0.231068,4.451
19420,0.241753,0.256618,5.28595
19430,0.21892,1.1374,2.4125
19440,0.875708,0.437533,6.9058
19450,0.938026,0.247203,7.5597
19460,0.893328,0.260515,8.072
19470,1.02201,0.203369,8.15472
19480,1.04327,0.406035,8.00227
19490,1.43163,0.304364,9.94357
19500,0.332725,0.457227,6.55267
19510,0.458967,0.26031,5.59908
19520,0.46769,0.250087,5.37951
19530,0.502878,0.222121,6.51432
19540,0.871428,0.256728,8.2432
19550,0.269834,0.720411,3.40544
19560,1.60105,0.316885,11.0849
19570,0.617045,0.235257,5.9226
19580,0.351659,0.332977,5.61052
19590,0.311923,0.281108,4.87213
19600,0.246744,0.234525,4.10624
19610,0.226027,0.348128,5.70347
19620,0.243192,0.228333,4.391
19630,1.14075,0.354769,9.05313
19640,2.09509,0.44954,9.74494
19650,0.330441,0.271511,4.26107
19660,0.680702,0.246387,6.9556
19670,0.310028,0.676733,3.16914
19680,0.630583,0.21839,6.44024
19690,0.270948,0.249339,4.19052
19700,2.02432,0.396391,11.7215
19710,0.283477,0.325993,5.54772
19720,0.256282,0.340028,4.05128
19730,0.260132,0.260387,4.63477
19740,0.56845,0.236464,6.28407
19750,1.06125,0.315503,7.61654
19760,0.399793,0.23533,5.44593
19770,0.468859,0.305416,5.24553
19780,0.317225,0.422435,3.7085
19790,0.259496,0.239243,4.39143
19800,0.342876,0.624039,5.44641
19810,0.861609,0.255811,8.42524
19820,1.17207,0.459841,10.5086
19830,0.85252,0.257186,7.62383
19840,0.697984,0.284277,7.61222
19850,0.662419,1.49433,4.07721
19860,0.439055,0.271841,5.71355
19870,0.787052,0.270132,7.55733
19880,1.55733,0.217955,10.9078
19890,0.708975,0.255643,7.50971
19900,0.440263,0.676727,4.3233
19910,0.199191,1.70279,1.85122
19920,0.554371,0.366696,5.75109
19930,0.272743,0.598845,3.30766
19940,0.266523,0.257161,4.52391
19950,0.515321,0.226456,6.0966
19960,0.33969,0.27027,4.61604
19970,0.212366,0.208846,4.44152
19980,0.276569,0.2505,4.37665
19990,0.287415,0.610721,3.84901
20000,0.287277,1.12388,2.87769
20010,0.217103,0.266538,5.02167
20020,0.632666,0.388437,6.47475
20030,0.816094,0.365451,7.43671
20040,0.844688,0.26357,7.41412
20050,1.33811,1.36199,6.85132
20060,0.794401,0.435187,9.18639
20070,0.500932,0.226951,6.2206
20080,0.269627,0.259982,3.97212
20090,0.285741,0.557954,3.46453
20100,0.532617,0.275137,5.83706
20110,0.932866,0.264485,7.6501
20120,0.801375,0.397473,7.84737
20130,0.872718,0.345974,8.82703
20140,0.27762,0.297319,5.19651
20150,0.342112,0.264732,4.67869
20160,0.225409,0.468898,4.86367
20170,0.373139,0.896451,5.94442
20180,0.347043,0.257152,5.33671
20190,0.260101,1.3047,2.42898
20200,3.00892,0.351667,11.3283
20210,0.38733,1.2771,3.17725
20220,0.990015,0.244505,8.30064
20230,0.641426,0.236239,6.15894
20240,0.280592,0.936942,3.64191
20250,0.287276,0.554937,4.56875
20260,0.225022,0.388799,4.04571
20270,0.257043,0.457851,4.00799
20280,0.96785,0.312588,8.33368
20290,0.327645,0.286675,5.55491
20300,0.338559,0.253081,4.94153
20310,1.94179,0.376359,13.0566
20320,1.33257,0.194348,9.30042
20330,0.237632,0.435551,3.99111
20340,0.228577,0.229358,4.50399
20350,1.02529,0.834724,7.62892
20360,0.296611,0.686036,3.4129
20370,0.735145,0.225905,6.68895
20380,0.255334,0.308557,4.06242
20390,0.383739,0.228523,5.31133
20400,0.313223,0.247072,5.06259
20410,0.272531,0.236864,4.64731
20420,0.282132,0.269807,4.79362
20430,0.94265,0.217905,8.49712
20440,0.222648,1.19192,2.36239
20450,2.00246,0.313761,12.8173
20460,0.282689,0.384808,6.70431
20470,0.27969,0.278711,4.69343
20480,0.868758,0.288761,8.5587
20490,0.778318,0.28816,6.5816
20500,0.227145,0.267199,4.1839
20510,0.254495,0.630926,4.38708
20520,0.294536,0.563935,3.63536
20530,1.56017,0.298224,9.69101
20540,0.244348,0.234238,4.52734
20550,1.18877,0.254833,9.10387
20560,0.535835,0.297546,6.3843
20570,0.750193,0.265285,8.02585
20580,0.618171,0.207248,6.54574
20590,0.345761,0.303452,5.61183
20600,1.32756,0.249715,10.071
20610,0.518575,0.263151,6.54347
20620,0.266239,0.403259,4.20401
20630,0.253838,0.321756,4.62285
20640,0.283743,0.233588,4.51651
20650,0.221144,0.656713,3.78933
20660,0.434388,0.708179,5.14359
20670,0.29234,1.03,3.71501
20680,1.11613,0.314401,7.96204
20690,0.340016,0.6242,3.6047
20700,1.29017,0.300315,10.639
20710,0.241192,0.494243,3.67065
20720,0.326434,0.343396,5.77765
20730,0.245485,0.308295,5.3535
20740,0.267516,0.25208,4.72931
20750,0.203891,1.01314,2.57108
20760,0.235271,0.296843,5.06419
20770,0.263652,0.275198,5.15773
20780,0.494352,0.297237,6.04045
20790,0.219349,0.293553,5.48031
20800,0.349321,0.257054,5.85449
20810,0.769341,0.304628,7.43956
20820,1.35043,0.337144,9.58662
20830,0.416879,0.27259,4.53604
20840,0.271007,1.16879,2.34992
20850,0.264833,0.260907,6.03305
20860,0.301277,0.775786,4.50729
20870,0.263532,0.276225,4.85175
20880,2.35404,0.319958,11.9586
20890,0.280061,0.372412,3.26391
20900,0.378438,0.306249,5.60118
20910,0.851544,0.31076,7.09084
20920,0.425873,0.252611,5.56404
20930,0.275202,1.01785,2.96961
20940,0.19395,1.09697,2.47598
20950,0.525452,0.255042,5.76731
20960,0.360731,0.829876,4.81259
20970,0.496278,0.261371,5.73952
20980,1.72017,0.388475,9.65582
20990,1.7203,0.279746,10.8487
21000,0.864521,0.242247,8.2905
21010,0.54714,0.256428,6.86312
21020,2.3294,0.393519,12.0346
21030,0.827577,0.306475,7.6941
21040,0.352033,0.263082,5.15161
21050,0.508777,0.283241,6.46444
21060,0.785642,0.247996,7.30418
21070,0.49319,1.08902,3.84211
21080,0.271656,0.206094,4.99504
21090,0.230924,0.231973,5.46849
21100,0.275382,0.795899,3.791
21110,0.507776,0.25081,6.06294
21120,0.857202,0.272846,8.03784
21130,1.07372,0.344171,8.57488
21140,0.233533,0.548662,2.97609
21150,0.565782,0.265675,6.75993
21160,0.585449,0.247398,7.07933
21170,0.717266,0.222202,9.13197
21180,0.24587,1.11127,2.65314
21190,0.447483,0.299135,5.20743
21200,0.386021,0.26611,5.83596
21210,0.450252,0.246919,6.65065
21220,0.978332,0.41533,9.16135
21230,0.778134,0.25996,7.18491
21240,0.344535,0.392232,5.87994
21250,0.238606,0.572723,3.33241
21260,1.99983,0.341706,12.3122
21270,0.371182,0.272455,5.96644
21280,0.281266,0.35366,5.68473
21290,0.301888,0.22106,4.71421
21300,0.233204,0.240914,4.83551
21310,2.88217,0.455256,11.5374
21320,1.03989,0.269811,8.55781
21330,1.52086,0.476983,12.133
21340,1.9237,0.348909,11.3656
21350,1.17469,0.241396,9.47985
21360,0.321613,0.255576,5.55742
21370,0.642849,0.306821,6.82266
21380,1.3783,0.248094,9.99889
21390,0.248237,0.315546,4.46256
21400,0.285968,0.694059,4.38418
21410,0.277746,0.300451,4.3213
21420,0.66803,0.237124,9.41702
21430,2.92418,0.37973,13.1136
21440,0.259416,0.315936,5.1031
21450,0.439511,0.304424,6.83936
21460,1.3797,0.389785,9.39973
21470,0.318392,0.556047,3.65446
21480,0.213315,0.667386,3.42096
21490,1.42828,0.409583,11.0197
21500,0.25515,0.292052,4.67639
21510,1.32975,0.283411,10.5381
21520,3.72886,0.530993,12.6219
21530,0.308297,0.221808,4.73788
21540,0.284737,0.21789,5.33823
21550,0.224082,0.23048,4.89754
21560,0.564099,0.383433,7.1548
21570,0.518358,0.226563,6.11117
21580,0.286657,0.263266,6.14416
21590,0.708392,0.47315,6.80049
21600,0.441593,0.328603,5.14723
21610,0.348512,0.225748,4.62163
21620,0.945387,0.321787,8.23216
21630,1.18708,0.252377,9.88017
21640,1.17073,0.30483,9.61265
21650,0.220814,0.337922,6.37649
21660,0.258685,0.784622,3.46005
21670,1.16131,0.619692,9.44364
21680,0.361391,0.240092,6.11941
21690,1.21397,0.472188,10.3532
21700,0.606553,0.233362,7.52048
21710,0.466874,0.448871,7.4778
21720,0.692665,1.02459,5.35614
21730,0.403117,0.305475,8.50363
21740,0.358747,0.271468,5.93859
21750,0.952307,0.209641,9.0948
21760,0.242615,0.251973,4.28936
21770,0.481135,0.294445,6.30212
21780,0.260823,0.231815,5.07983
21790,2.37982,0.363157,12.5824
21800,0.319355,0.56108,3.92549
21810,0.641223,0.308703,7.26935
21820,0.278532,0.291059,5.84853
21830,0.199975,0.514521,3.855
21840,0.271627,0.222293,6.39162
21850,2.68653,0.294576,12.3008
21860,0.593264,2.63111,3.52318
21870,0.729379,0.292783,7.59077
21880,0.466911,0.215026,5.22663
21890,0.60951,0.387618,7.14701
21900,0.995782,0.343511,9.00072
21910,0.543063,0.247705,5.80102
21920,0.337427,0.39928,4.07974
21930,0.85899,0.265673,7.68614
21940,0.643108,0.346401,6.70529
21950,2.25087,0.368614,12.8546
21960,2.3874,0.399692,10.2554
21970,0.271334,0.250041,4.77858
21980,0.330063,0.277766,6.3604
21990,1.25456,0.240865,9.79132
22000,0.366648,0.253546,4.76855
22010,0.964443,0.251544,8.25808
22020,0.229196,0.413379,4.41027
22030,0.286906,1.16758,2.59943
22040,0.259974,0.657908,3.24482
22050,1.94619,0.380396,9.60918
22060,0.2998,0.382051,4.06354
22070,0.296158,0.314287,4.22406
22080,1.15938,0.252046,9.82445
22090,0.492935,0.36155,5.01909
22100,0.704386,0.36049,7.60916
22110,0.388542,0.306957,5.7732
22120,0.327686,0.231924,6.35651
22130,1.45765,0.367287,10.5938
22140,0.374514,0.245679,5.40662
22150,1.03107,0.288436,8.60814
22160,1.19426,0.342143,8.94811
22170,0.232681,0.32841,3.64598
22180,0.451792,0.358264,5.02686
22190,0.594726,0.269304,6.92535
22200,0.416073,0.236506,6.18926
22210,0.245362,0.220118,6.05514
22220,0.781676,1.87486,5.28965
22230,0.47029,1.96462,3.63443
22240,0.257188,0.256776,5.136
22250,0.869632,0.228066,7.38968
22260,0.23589,0.207712,4.40092
22270,0.304389,1.90794,2.78651
22280,0.726851,0.264674,7.02483
22290,0.25721,0.815137,4.20388
22300,0.225669,0.368719,6.37009
22310,0.304372,0.231304,5.51406
22320,0.536737,0.274115,6.4802
22330,0.609289,0.248004,6.86849
22340,1.07224,0.340582,7.33374
22350,0.2317,0.289294,4.76879
22360,0.257895,0.317281,5.1689
22370,0.355332,0.248616,6.58876
22380,0.418801,0.292808,4.01383
22390,0.25274,0.614696,3.02067
22400,0.34418,0.270465,4.02739
22410,0.501977,0.292974,5.41015
22420,0.242458,0.283503,5.08474
22430,0.393548,0.242809,8.98905
22440,0.303187,0.773075,6.71515
22450,1.50632,0.255783,9.79451
22460,0.489666,0.28894,5.77585
22470,0.342906,0.280416,5.11468
22480,0.212148,0.22161,4.75709
22490,0.343547,0.921109,3.87428
22500,0.255134,0.196202,4.57
22510,1.99041,0.961982,9.77169
22520,0.271019,1.35866,3.02787
22530,0.393779,0.289712,5.63595
22540,0.475899,0.287208,5.04236
22550,0.231589,0.906382,3.5789
22560,1.08396,0.238172,9.19181
22570,0.298516,0.872789,3.31181
22580,0.234339,0.538343,2.96141
22590,0.526238,0.345753,6.19758
22600,1.07365,0.214482,7.88173
22610,1.55977,0.263978,11.0129
22620,1.35183,0.244996,10.0441
22630,0.235693,0.321217,4.29566
22640,0.267993,0.24522,4.7267
22650,0.309902,0.736411,4.47216
22660,0.251929,0.554461,3.82086
22670,0.248712,0.240195,4.89744
22680,0.649551,1.22671,4.82834
22690,0.270861,2.32311,1.74198
22700,0.335046,1.62691,2.91095
22710,0.328047,0.295933,4.13339
22720,0.722342,0.237593,8.74214
22730,0.259401,0.402174,4.65548
22740,0.682031,0.270886,7.41344
22750,0.521746,0.197908,5.39153
22760,0.251237,0.270641,4.40153
22770,0.442527,0.603707,4.48766
22780,0.302872,0.233553,5.25135
22790,0.385344,0.245982,7.41633
22800,0.338096,0.359403,4.09727
22810,0.364888,0.233522,7.79377
22820,0.351246,0.261657,5.65361
22830,1.81716,0.302424,11.5443
22840,0.337046,1.22434,4.96971
22850,0.219187,0.361473,5.17592
22860,0.570274,0.345323,6.19835
22870,0.802053,0.244443,7.12288
22880,0.545596,0.238807,6.44262
22890,0.288733,0.301765,4.42925
22900,0.485913,0.352535,7.03038
22910,0.671943,0.284321,8.12146
22920,0.743855,0.263319,7.42904
22930,0.430908,0.231097,4.94537
22940,0.235037,0.341874,4.6378
22950,0.238781,0.243771,5.10077
22960,0.310674,0.422696,6.61442
22970,0.415506,0.227548,5.59647
22980,1.30932,0.381975,10.3678
22990,1.25159,0.280895,8.49168
23000,0.336146,0.283623,5.67883
23010,0.918729,0.232535,8.24798
23020,0.883823,0.238125,7.98318
23030,0.841766,0.272536,7.61896
23040,1.16783,0.363585,9.07823
23050,0.244277,0.22368,5.00845
23060,1.00081,0.279639,9.04705
23070,0.251333,0.532409,3.912
23080,0.364856,0.252055,4.59411
23090,0.308049,0.255296,5.77909
23100,0.487169,0.285446,6.44229
23110,1.78047,0.255519,11.2853
23120,0.341117,0.279977,4.8247
23130,0.269315,0.233142,5.49458
23140,0.680067,0.241557,7.19962
23150,0.484885,0.361655,6.05501
23160,0.232914,0.309102,5.05246
23170,0.667675,0.259914,7.44302
23180,0.489862,0.233932,6.4974
23190,0.295573,0.23492,4.45135
23200,0.474304,0.248838,7.07386
23210,2.19981,0.450901,13.0743
23220,0.525845,0.27014,6.55625
23230,2.22637,0.300024,12.9908
23240,4.57108,0.467064,13.7679
23250,0.264149,0.359372,6.32756
23260,0.628454,0.24759,6.40428
23270,0.84157,0.310538,7.85457
23280,0.560768,0.465025,4.41879
23290,0.431563,0.245013,4.63466
23300,1.42323,0.232,9.13168
23310,0.580086,0.204045,6.49722
23320,0.592623,0.293712,5.83703
23330,1.51722,0.338831,10.5235
23340,1.04691,0.255699,9.05129
23350,0.906905,0.359465,8.4341
23360,1.91181,0.463334,10.1673
23370,0.871617,0.238147,8.02302
23380,0.638094,0.249925,7.5619
23390,0.500691,0.290147,4.7926
23400,0.755003,0.273037,8.67478
23410,0.289993,1.27353,2.52217
23420,0.215082,0.288273,5.58899
23430,0.264044,0.332002,4.68557
23440,0.835682,0.276892,8.91166
23450,0.229095,0.236466,4.91605
23460,0.431661,0.28409,8.10634
23470,0.5624,0.260597,6.16164
23480,1.12493,0.41642,8.11249
23490,0.235731,0.288515,4.51216
23500,0.880021,0.242317,6.59627
23510,0.220982,0.251279,4.27182
23520,0.483881,0.24453,6.31386
23530,0.512889,0.293915,6.66155
23540,0.287143,1.80433,2.6363
23550,0.278632,0.363532,4.83756
23560,1.24482,0.326816,10.7131
23570,0.883464,0.303941,8.72757
23580,0.326442,2.7916,1.68233
23590,0.591282,0.61312,6.7392
23600,0.474785,0.918982,5.55016
23610,1.41536,0.362874,10.7964
23620,1.07836,0.267751,9.2863
23630,0.757038,0.263591,7.48854
23640,0.627543,0.347058,6.726
23650,1.16219,0.280283,9.43639
23660,1.08929,0.467972,9.85138
23670,2.1443,0.397513,11.682
23680,0.351851,0.231485,5.45069
23690,0.817353,0.311612,7.73549
23700,0.486798,0.236756,6.25678
23710,0.288548,0.241653,4.95653
23720,0.678802,1.16359,5.49338
23730,0.281841,0.251602,7.03392
23740,1.1432,0.208905,10.2361
23750,0.289333,0.704845,4.14432
23760,1.00236,0.282559,10.4355
23770,1.14537,0.320492,8.92784
23780,2.45163,0.450128,12.7956
23790,0.27062,0.277602,5.42015
23800,0.252875,0.253619,5.26871
23810,0.561887,0.230085,6.17511
23820,0.742945,0.240266,7.25258
23830,1.1438,0.311814,10.3025
23840,0.270197,0.254978,5.03572
23850,0.223503,0.330343,5.12663
23860,0.250668,0.35702,4.5256
23870,0.475806,0.735709,4.54221
23880,0.299451,0.259191,4.61958
23890,0.498089,0.376698,9.67008
23900,1.04936,0.325346,10.0428
23910,0.360933,0.427737,7.55496
23920,0.313626,0.241045,6.39795
23930,0.330066,0.337316,5.59496
23940,0.325476,0.287187,6.06107
23950,1.33012,0.271171,11.262
23960,0.300766,0.287127,5.32832
23970,0.3605,0.246065,5.09052
23980,0.379583,2.29441,2.69222
23990,0.75326,0.395817,8.52155
24000,0.792083,0.294296,8.70182
24010,2.52663,0.422039,12.2038
24020,0.672615,0.245804,6.66239
24030,3.01245,1.93664,6.73224
24040,1.41754,0.36198,8.84612
24050,0.213779,0.251091,5.00269
24060,2.79896,0.375807,12.3655
24070,0.938996,0.251781,5.74963
24080,0.884728,0.279471,8.57627
24090,0.217883,0.602814,3.85503
24100,0.329641,0.263689,5.21709
24110,1.17838,0.366516,9.64488
24120,0.234459,0.24772,5.03899
24130,0.339779,0.290857,5.45934
24140,0.378008,0.707107,6.44285
24150,0.28143,0.304087,4.65297
24160,0.58951,0.738972,5.66969
24170,0.239812,0.294582,5.33118
24180,0.208939,0.259038,4.12865
24190,1.01434,1.16515,5.78935
24200,2.33392,0.429859,11.608
24210,1.07724,0.283257,11.0735
24220,0.728953,0.792433,6.32308
24230,0.614108,0.34326,5.26518
24240,0.443973,1.79947,3.37518
24250,1.17709,0.284292,8.81397
24260,1.05743,1.15683,6.83546
24270,2.50106,0.478134,13.238
24280,0.918713,0.30338,8.70247
24290,2.46671,0.410555,11.2088
24300,0.240652,0.311653,4.37828
24310,0.759398,1.34891,5.85681
24320,0.275905,0.363222,4.97488
24330,0.281943,1.13587,2.57179
24340,0.300988,0.319579,5.59392
24350,0.280005,0.837864,4.39156
24360,0.875689,0.31638,7.33018
24370,1.30884,2.39921,6.82033
24380,0.19742,0.288837,4.11437
24390,0.286354,0.740403,4.70595
24400,0.941726,0.316208,8.53431
24410,0.207265,0.250241,5.2911
24420,0.224114,0.307528,5.15073
24430,0.803956,0.253047,7.84776
24440,0.325196,0.461393,5.43249
24450,0.593786,0.206773,7.80191
24460,0.21155,0.521087,3.38605
24470,0.27092,0.26753,4.5258
24480,0.330152,0.263275,6.76457
24490,1.17483,0.276091,8.96372
24500,1.95274,0.408866,12.2792
24510,0.367127,0.323018,6.61017
24520,0.366626,0.305714,5.76995
24530,0.957893,0.227489,8.8406
24540,0.734999,2.43934,4.44254
24550,0.370253,0.479963,6.86274
24560,0.261225,0.26319,3.96227
24570,0.804721,0.301604,6.91332
24580,0.65527,1.103,5.08333
24590,0.313078,0.272222,4.66584
24600,0.319284,0.219639,7.45065
24610,1.12946,0.33557,8.38536
24620,0.384224,0.896318,3.8351
24630,0.28742,0.265982,5.44645
24640,0.651915,0.265453,7.82601
24650,1.11271,0.355347,9.14394
24660,0.541126,2.5046,3.84783
24670,0.870149,0.365684,8.48818
24680,1.40576,0.282759,11.2411
24690,0.648435,0.25519,5.86025
24700,2.2903,1.49389,10.4442
24710,0.347362,0.251122,7.13262
24720,0.355779,1.59263,3.0947
24730,0.983298,0.301886,9.2068
24740,0.390682,0.257586,9.31223
24750,0.447197,0.317569,5.75388
24760,0.875615,0.226774,7.9483
24770,1.48621,0.318221,11.2621
24780,0.559628,0.265236,6.58803
24790,0.286418,0.487246,4.99858
24800,1.26614,0.397138,9.26549
24810,0.221105,0.322955,5.49518
24820,0.389605,0.364126,6.17119
24830,1.05893,0.339308,10.1811
24840,0.727061,0.298555,7.98596
24850,0.208008,0.455206,4.05517
24860,0.246784,0.263642,5.65884
24870,0.323807,0.26695,5.13749
24880,0.306641,0.193728,5.24109
24890,2.97557,0.455884,12.3767
24900,0.735849,0.693341,5.47092
24910,1.84,0.329527,12.1077
24920,0.698044,0.316561,7.61472
24930,0.570948,0.357989,6.37708
24940,0.244651,0.247355,4.82653
24950,1.17037,0.250101,9.83457
24960,0.748148,0.233282,7.70148
24970,0.876976,0.342578,7.80394
24980,0.306857,0.42803,5.91843
24990,0.27402,0.53461,5.15084
